,total processing time,machine numbers,machine ID,name of product
0,21.0,3,34,6FD-RMJ
1,21.0,3,34,6FD-RMJ
2,21.0,3,34,6FD-RMJ
3,21.0,3,34,6FD-RMJ
4,21.0,3,34,6FD-RMJ
5,21.0,3,34,6FD-RMJ
6,21.0,3,34,6FD-RMJ
7,21.0,3,34,6FD-RMJ
8,21.0,3,34,6FD-RMJ
9,21.0,3,34,6FD-RMJ
10,21.0,3,34,6FD-RMJ
11,21.0,3,34,6FD-RMJ
12,21.0,3,34,6FD-RMJ
13,21.0,3,34,6FD-RMJ
14,21.0,3,34,6FD-RMJ
15,21.0,3,34,6FD-RMJ
16,21.0,3,34,6FD-RMJ
17,21.0,3,34,6FD-RMJ
18,21.0,3,34,6FD-RMJ
19,21.0,3,34,6FD-RMJ
20,21.0,3,34,6FD-RMJ
21,21.0,3,34,6FD-RMJ
22,21.0,3,34,6FD-RMJ
23,21.0,3,34,6FD-RMJ
24,21.0,3,34,6FD-RMJ
25,21.0,3,34,6FD-RMJ
26,21.0,3,34,6FD-RMJ
27,21.0,3,34,6FD-RMJ
28,21.0,3,34,6FD-RMJ
29,21.0,3,34,6FD-RMJ
30,21.0,3,34,6FD-RMJ
31,21.0,3,34,6FD-RMJ
32,21.0,3,34,6FD-RMJ
33,21.0,3,34,6FD-RMJ
34,21.0,3,34,6FD-RMJ
35,21.0,3,34,6FD-RMJ
36,21.0,3,34,6FD-RMJ
37,21.0,3,34,6FD-RMJ
38,21.0,3,34,6FD-RMJ
39,21.0,3,34,6FD-RMJ
40,21.0,3,34,6FD-RMJ
41,21.0,3,34,6FD-RMJ
42,11.0,2,2,6CL-FJ
43,11.0,2,2,6CL-FJ
44,11.0,2,2,6CL-FJ
45,11.0,2,2,6CL-FJ
46,11.0,2,2,6CL-FJ
47,11.0,2,2,6CL-FJ
48,11.0,2,2,6CL-FJ
49,11.0,2,2,6CL-FJ
50,11.0,2,2,6CL-FJ
51,11.0,2,2,6CL-FJ
52,11.0,2,2,6CL-FJ
53,11.0,2,2,6CL-FJ
54,11.0,2,2,6CL-FJ
55,11.0,2,2,6CL-FJ
56,11.0,2,2,6CL-FJ
57,11.0,2,2,6CL-FJ
58,11.0,2,2,6CL-FJ
59,11.0,2,2,6CL-FJ
60,11.0,2,2,6CL-FJ
61,11.0,2,2,6CL-FJ
62,11.0,2,2,6CL-FJ
63,11.0,2,2,6CL-FJ
64,11.0,2,2,6CL-FJ
65,11.0,2,2,6CL-FJ
66,11.0,2,2,6CL-FJ
67,11.0,2,2,6CL-FJ
68,11.0,2,2,6CL-FJ
69,11.0,2,2,6CL-FJ
70,11.0,2,2,6CL-FJ
71,11.0,2,2,6CL-FJ
72,11.0,2,2,6CL-FJ
73,11.0,2,2,6CL-FJ
74,11.0,2,2,6CL-FJ
75,11.0,2,2,6CL-FJ
76,11.0,2,2,6CL-FJ
77,11.0,2,2,6CL-FJ
78,11.0,2,2,6CL-FJ
79,11.0,2,2,6CL-FJ
80,11.0,2,2,6CL-FJ
81,11.0,2,2,6CL-FJ
82,11.0,2,2,6CL-FJ
83,11.0,2,2,6CL-FJ
84,11.0,2,2,6CL-FJ
85,11.0,2,2,6CL-FJ
86,11.0,2,2,6CL-FJ
87,11.0,2,2,6CL-FJ
88,11.0,2,2,6CL-FJ
89,11.0,2,2,6CL-FJ
90,11.0,2,2,6CL-FJ
91,11.0,2,2,6CL-FJ
92,11.0,2,2,6CL-FJ
93,11.0,2,2,6CL-FJ
94,11.0,2,2,6CL-FJ
95,11.0,2,2,6CL-FJ
96,11.0,2,2,6CL-FJ
97,11.0,2,2,6CL-FJ
98,11.0,2,2,6CL-FJ
99,11.0,2,2,6CL-FJ
100,11.0,2,2,6CL-FJ
101,11.0,2,2,6CL-FJ
102,11.0,2,2,6CL-FJ
103,11.0,2,2,6CL-FJ
104,11.0,2,2,6CL-FJ
105,11.0,2,2,6CL-FJ
106,11.0,2,2,6CL-FJ
107,11.0,2,2,6CL-FJ
108,11.0,2,2,6CL-FJ
109,11.0,2,2,6CL-FJ
110,11.0,2,2,6CL-FJ
111,11.0,2,2,6CL-FJ
112,11.0,2,2,6CL-FJ
113,11.0,2,2,6CL-FJ
114,11.0,2,2,6CL-FJ
115,11.0,2,2,6CL-FJ
116,11.0,2,2,6CL-FJ
117,11.0,2,2,6CL-FJ
118,11.0,2,2,6CL-FJ
119,11.0,2,2,6CL-FJ
120,11.0,2,2,6CL-FJ
121,11.0,2,2,6CL-FJ
122,11.0,2,2,6CL-FJ
123,11.0,2,2,6CL-FJ
124,11.0,2,2,6CL-FJ
125,11.0,2,2,6CL-FJ
126,11.0,2,2,6CL-FJ
127,11.0,2,2,6CL-FJ
128,11.0,2,2,6CL-FJ
129,11.0,2,2,6CL-FJ
130,11.0,2,2,6CL-FJ
131,11.0,2,2,6CL-FJ
132,11.0,2,2,6CL-FJ
133,11.0,2,2,6CL-FJ
134,11.0,2,2,6CL-FJ
135,11.0,2,2,6CL-FJ
136,11.0,2,2,6CL-FJ
137,11.0,2,2,6CL-FJ
138,11.0,2,2,6CL-FJ
139,11.0,2,2,6CL-FJ
140,11.0,2,2,6CL-FJ
141,11.0,2,2,6CL-FJ
142,11.0,2,2,6CL-FJ
143,11.0,2,2,6CL-FJ
144,11.0,2,2,6CL-FJ
145,11.0,2,2,6CL-FJ
146,11.0,2,2,6CL-FJ
147,11.0,2,2,6CL-FJ
148,11.0,2,2,6CL-FJ
149,11.0,2,2,6CL-FJ
150,11.0,2,2,6CL-FJ
151,11.0,2,2,6CL-FJ
152,11.0,2,2,6CL-FJ
153,11.0,2,2,6CL-FJ
154,11.0,2,2,6CL-FJ
155,11.0,2,2,6CL-FJ
156,11.0,2,2,6CL-FJ
157,11.0,2,2,6CL-FJ
158,11.0,2,2,6CL-FJ
159,11.0,2,2,6CL-FJ
160,11.0,2,2,6CL-FJ
161,11.0,2,2,6CL-FJ
162,11.0,2,2,6CL-FJ
163,11.0,2,2,6CL-FJ
164,11.0,2,2,6CL-FJ
165,11.0,2,2,6CL-FJ
166,11.0,2,2,6CL-FJ
167,11.0,2,2,6CL-FJ
168,11.0,2,2,6CL-FJ
169,11.0,2,2,6CL-FJ
170,11.0,2,2,6CL-FJ
171,11.0,2,2,6CL-FJ
172,11.0,2,2,6CL-FJ
173,11.0,2,2,6CL-FJ
174,11.0,2,2,6CL-FJ
175,11.0,2,2,6CL-FJ
176,11.0,2,2,6CL-FJ
177,11.0,2,2,6CL-FJ
178,11.0,2,2,6CL-FJ
179,11.0,2,2,6CL-FJ
180,11.0,2,2,6CL-FJ
181,11.0,2,2,6CL-FJ
182,11.0,2,2,6CL-FJ
183,11.0,2,2,6CL-FJ
184,11.0,2,2,6CL-FJ
185,11.0,2,2,6CL-FJ
186,11.0,2,2,6CL-FJ
187,11.0,2,2,6CL-FJ
188,11.0,2,2,6CL-FJ
189,11.0,2,2,6CL-FJ
190,11.0,2,2,6CL-FJ
191,11.0,2,2,6CL-FJ
192,11.0,2,2,6CL-FJ
193,11.0,2,2,6CL-FJ
194,11.0,2,2,6CL-FJ
195,11.0,2,2,6CL-FJ
196,11.0,2,2,6CL-FJ
197,11.0,2,2,6CL-FJ
198,11.0,2,2,6CL-FJ
199,11.0,2,2,6CL-FJ
200,11.0,2,2,6CL-FJ
201,11.0,2,2,6CL-FJ
202,11.0,2,2,6CL-FJ
203,11.0,2,2,6CL-FJ
204,11.0,2,2,6CL-FJ
205,11.0,2,2,6CL-FJ
206,11.0,2,2,6CL-FJ
207,11.0,2,2,6CL-FJ
208,11.0,2,2,6CL-FJ
209,11.0,2,2,6CL-FJ
210,11.0,2,2,6CL-FJ
211,11.0,2,2,6CL-FJ
212,11.0,2,2,6CL-FJ
213,11.0,2,2,6CL-FJ
214,11.0,2,2,6CL-FJ
215,11.0,2,2,6CL-FJ
216,11.0,2,2,6CL-FJ
217,11.0,2,2,6CL-FJ
218,11.0,2,2,6CL-FJ
219,11.0,2,2,6CL-FJ
220,11.0,2,2,6CL-FJ
221,11.0,2,2,6CL-FJ
222,11.0,2,2,6CL-FJ
223,11.0,2,2,6CL-FJ
224,11.0,2,2,6CL-FJ
225,11.0,2,2,6CL-FJ
226,11.0,2,2,6CL-FJ
227,11.0,2,2,6CL-FJ
228,11.0,2,2,6CL-FJ
229,11.0,2,2,6CL-FJ
230,11.0,2,2,6CL-FJ
231,11.0,2,2,6CL-FJ
232,11.0,2,2,6CL-FJ
233,11.0,2,2,6CL-FJ
234,11.0,2,2,6CL-FJ
235,11.0,2,2,6CL-FJ
236,11.0,2,2,6CL-FJ
237,11.0,2,2,6CL-FJ
238,11.0,2,2,6CL-FJ
239,11.0,2,2,6CL-FJ
240,11.0,2,2,6CL-FJ
241,11.0,2,2,6CL-FJ
242,11.0,2,2,6CL-FJ
243,11.0,2,2,6CL-FJ
244,11.0,2,2,6CL-FJ
245,11.0,2,2,6CL-FJ
246,11.0,2,2,6CL-FJ
247,11.0,2,2,6CL-FJ
248,11.0,2,2,6CL-FJ
249,11.0,2,2,6CL-FJ
250,11.0,2,2,6CL-FJ
251,11.0,2,2,6CL-FJ
252,11.0,2,2,6CL-FJ
253,11.0,2,2,6CL-FJ
254,11.0,2,2,6CL-FJ
255,11.0,2,2,6CL-FJ
256,11.0,2,2,6CL-FJ
257,11.0,2,2,6CL-FJ
258,11.0,2,2,6CL-FJ
259,11.0,2,2,6CL-FJ
260,11.0,2,2,6CL-FJ
261,11.0,2,2,6CL-FJ
262,11.0,2,2,6CL-FJ
263,11.0,2,2,6CL-FJ
264,11.0,2,2,6CL-FJ
265,11.0,2,2,6CL-FJ
266,11.0,2,2,6CL-FJ
267,11.0,2,2,6CL-FJ
268,11.0,2,2,6CL-FJ
269,11.0,2,2,6CL-FJ
270,11.0,2,2,6CL-FJ
271,11.0,2,2,6CL-FJ
272,11.0,2,2,6CL-FJ
273,11.0,2,2,6CL-FJ
274,11.0,2,2,6CL-FJ
275,11.0,2,2,6CL-FJ
276,11.0,2,2,6CL-FJ
277,11.0,2,2,6CL-FJ
278,11.0,2,2,6CL-FJ
279,11.0,2,2,6CL-FJ
280,11.0,2,2,6CL-FJ
281,11.0,2,2,6CL-FJ
282,11.0,2,2,6CL-FJ
283,11.0,2,2,6CL-FJ
284,11.0,2,2,6CL-FJ
285,11.0,2,2,6CL-FJ
286,11.0,2,2,6CL-FJ
287,11.0,2,2,6CL-FJ
288,11.0,2,2,6CL-FJ
289,11.0,2,2,6CL-FJ
290,11.0,2,2,6CL-FJ
291,11.0,2,2,6CL-FJ
292,11.0,2,2,6CL-FJ
293,11.0,2,2,6CL-FJ
294,11.0,2,2,6CL-FJ
295,11.0,2,2,6CL-FJ
296,11.0,2,2,6CL-FJ
297,11.0,2,2,6CL-FJ
298,11.0,2,2,6CL-FJ
299,11.0,2,2,6CL-FJ
300,11.0,2,2,6CL-FJ
301,11.0,2,2,6CL-FJ
302,11.0,2,2,6CL-FJ
303,11.0,2,2,6CL-FJ
304,11.0,2,2,6CL-FJ
305,11.0,2,2,6CL-FJ
306,11.0,2,2,6CL-FJ
307,11.0,2,2,6CL-FJ
308,11.0,2,2,6CL-FJ
309,11.0,2,2,6CL-FJ
310,11.0,2,2,6CL-FJ
311,11.0,2,2,6CL-FJ
312,11.0,2,2,6CL-FJ
313,11.0,2,2,6CL-FJ
314,11.0,2,2,6CL-FJ
315,11.0,2,2,6CL-FJ
316,11.0,2,2,6CL-FJ
317,11.0,2,2,6CL-FJ
318,11.0,2,2,6CL-FJ
319,11.0,2,2,6CL-FJ
320,11.0,2,2,6CL-FJ
321,11.0,2,2,6CL-FJ
322,11.0,2,2,6CL-FJ
323,11.0,2,2,6CL-FJ
324,11.0,2,2,6CL-FJ
325,11.0,2,2,6CL-FJ
326,11.0,2,2,6CL-FJ
327,11.0,2,2,6CL-FJ
328,11.0,2,2,6CL-FJ
329,11.0,2,2,6CL-FJ
330,11.0,2,2,6CL-FJ
331,11.0,2,2,6CL-FJ
332,11.0,2,2,6CL-FJ
333,11.0,2,2,6CL-FJ
334,11.0,2,2,6CL-FJ
335,11.0,2,2,6CL-FJ
336,11.0,2,2,6CL-FJ
337,11.0,2,2,6CL-FJ
338,11.0,2,2,6CL-FJ
339,11.0,2,2,6CL-FJ
340,11.0,2,2,6CL-FJ
341,11.0,2,2,6CL-FJ
342,11.0,2,2,6CL-FJ
343,11.0,2,2,6CL-FJ
344,11.0,2,2,6CL-FJ
345,11.0,2,2,6CL-FJ
346,11.0,2,2,6CL-FJ
347,11.0,2,2,6CL-FJ
348,11.0,2,2,6CL-FJ
349,11.0,2,2,6CL-FJ
350,11.0,2,2,6CL-FJ
351,11.0,2,2,6CL-FJ
352,11.0,2,2,6CL-FJ
353,11.0,2,2,6CL-FJ
354,11.0,2,2,6CL-FJ
355,11.0,2,2,6CL-FJ
356,11.0,2,2,6CL-FJ
357,11.0,2,2,6CL-FJ
358,11.0,2,2,6CL-FJ
359,11.0,2,2,6CL-FJ
360,11.0,2,2,6CL-FJ
361,11.0,2,2,6CL-FJ
362,11.0,2,2,6CL-FJ
363,11.0,2,2,6CL-FJ
364,11.0,2,2,6CL-FJ
365,11.0,2,2,6CL-FJ
366,11.0,2,2,6CL-FJ
367,11.0,2,2,6CL-FJ
368,11.0,2,2,6CL-FJ
369,11.0,2,2,6CL-FJ
370,11.0,2,2,6CL-FJ
371,11.0,2,2,6CL-FJ
372,11.0,2,2,6CL-FJ
373,11.0,2,2,6CL-FJ
374,11.0,2,2,6CL-FJ
375,11.0,2,2,6CL-FJ
376,11.0,2,2,6CL-FJ
377,11.0,2,2,6CL-FJ
378,11.0,2,2,6CL-FJ
379,11.0,2,2,6CL-FJ
380,11.0,2,2,6CL-FJ
381,11.0,2,2,6CL-FJ
382,11.0,2,2,6CL-FJ
383,11.0,2,2,6CL-FJ
384,11.0,2,2,6CL-FJ
385,11.0,2,2,6CL-FJ
386,11.0,2,2,6CL-FJ
387,11.0,2,2,6CL-FJ
388,11.0,2,2,6CL-FJ
389,11.0,2,2,6CL-FJ
390,11.0,2,2,6CL-FJ
391,11.0,2,2,6CL-FJ
392,11.0,2,2,6CL-FJ
393,11.0,2,2,6CL-FJ
394,11.0,2,2,6CL-FJ
395,11.0,2,2,6CL-FJ
396,11.0,2,2,6CL-FJ
397,11.0,2,2,6CL-FJ
398,11.0,2,2,6CL-FJ
399,11.0,2,2,6CL-FJ
400,11.0,2,2,6CL-FJ
401,11.0,2,2,6CL-FJ
402,11.0,2,2,6CL-FJ
403,11.0,2,2,6CL-FJ
404,11.0,2,2,6CL-FJ
405,11.0,2,2,6CL-FJ
406,11.0,2,2,6CL-FJ
407,11.0,2,2,6CL-FJ
408,11.0,2,2,6CL-FJ
409,11.0,2,2,6CL-FJ
410,11.0,2,2,6CL-FJ
411,11.0,2,2,6CL-FJ
412,11.0,2,2,6CL-FJ
413,11.0,2,2,6CL-FJ
414,11.0,2,2,6CL-FJ
415,11.0,2,2,6CL-FJ
416,11.0,2,2,6CL-FJ
417,11.0,2,2,6CL-FJ
418,11.0,2,2,6CL-FJ
419,11.0,2,2,6CL-FJ
420,11.0,2,2,6CL-FJ
421,11.0,2,2,6CL-FJ
422,11.0,2,2,6CL-FJ
423,11.0,2,2,6CL-FJ
424,11.0,2,2,6CL-FJ
425,11.0,2,2,6CL-FJ
426,11.0,2,2,6CL-FJ
427,11.0,2,2,6CL-FJ
428,11.0,2,2,6CL-FJ
429,11.0,2,2,6CL-FJ
430,11.0,2,2,6CL-FJ
431,11.0,2,2,6CL-FJ
432,11.0,2,2,6CL-FJ
433,11.0,2,2,6CL-FJ
434,11.0,2,2,6CL-FJ
435,11.0,2,2,6CL-FJ
436,11.0,2,2,6CL-FJ
437,11.0,2,2,6CL-FJ
438,11.0,2,2,6CL-FJ
439,11.0,2,2,6CL-FJ
440,11.0,2,2,6CL-FJ
441,11.0,2,2,6CL-FJ
442,11.0,2,2,6CL-FJ
443,11.0,2,2,6CL-FJ
444,11.0,2,2,6CL-FJ
445,11.0,2,2,6CL-FJ
446,11.0,2,2,6CL-FJ
447,11.0,2,2,6CL-FJ
448,11.0,2,2,6CL-FJ
449,11.0,2,2,6CL-FJ
450,11.0,2,2,6CL-FJ
451,11.0,2,2,6CL-FJ
452,11.0,2,2,6CL-FJ
453,12.0,2,3,6CL-FJ
454,12.0,2,3,6CL-FJ
455,12.0,2,3,6CL-FJ
456,12.0,2,3,6CL-FJ
457,12.0,2,3,6CL-FJ
458,12.0,2,3,6CL-FJ
459,12.0,2,3,6CL-FJ
460,12.0,2,3,6CL-FJ
461,12.0,2,3,6CL-FJ
462,12.0,2,3,6CL-FJ
463,12.0,2,3,6CL-FJ
464,12.0,2,3,6CL-FJ
465,12.0,2,3,6CL-FJ
466,12.0,2,3,6CL-FJ
467,12.0,2,3,6CL-FJ
468,12.0,2,3,6CL-FJ
469,12.0,2,3,6CL-FJ
470,12.0,2,3,6CL-FJ
471,12.0,2,3,6CL-FJ
472,12.0,2,3,6CL-FJ
473,12.0,2,3,6CL-FJ
474,12.0,2,3,6CL-FJ
475,12.0,2,3,6CL-FJ
476,12.0,2,3,6CL-FJ
477,12.0,2,3,6CL-FJ
478,12.0,2,3,6CL-FJ
479,12.0,2,3,6CL-FJ
480,12.0,2,3,6CL-FJ
481,12.0,2,3,6CL-FJ
482,12.0,2,3,6CL-FJ
483,12.0,2,3,6CL-FJ
484,12.0,2,3,6CL-FJ
485,12.0,2,3,6CL-FJ
486,12.0,2,3,6CL-FJ
487,12.0,2,3,6CL-FJ
488,12.0,2,3,6CL-FJ
489,12.0,2,3,6CL-FJ
490,12.0,2,3,6CL-FJ
491,12.0,2,3,6CL-FJ
492,12.0,2,3,6CL-FJ
493,12.0,2,3,6CL-FJ
494,12.0,2,3,6CL-FJ
495,12.0,2,3,6CL-FJ
496,12.0,2,3,6CL-FJ
497,12.0,2,3,6CL-FJ
498,12.0,2,3,6CL-FJ
499,12.0,2,3,6CL-FJ
500,12.0,2,3,6CL-FJ
501,12.0,2,3,6CL-FJ
502,12.0,2,3,6CL-FJ
503,12.0,2,3,6CL-FJ
504,12.0,2,3,6CL-FJ
505,12.0,2,3,6CL-FJ
506,12.0,2,3,6CL-FJ
507,12.0,2,3,6CL-FJ
508,12.0,2,3,6CL-FJ
509,12.0,2,3,6CL-FJ
510,12.0,2,3,6CL-FJ
511,12.0,2,3,6CL-FJ
512,12.0,2,3,6CL-FJ
513,12.0,2,3,6CL-FJ
514,12.0,2,3,6CL-FJ
515,12.0,2,3,6CL-FJ
516,12.0,2,3,6CL-FJ
517,12.0,2,3,6CL-FJ
518,12.0,2,3,6CL-FJ
519,12.0,2,3,6CL-FJ
520,12.0,2,3,6CL-FJ
521,12.0,2,3,6CL-FJ
522,12.0,2,3,6CL-FJ
523,12.0,2,3,6CL-FJ
524,12.0,2,3,6CL-FJ
525,12.0,2,3,6CL-FJ
526,12.0,2,3,6CL-FJ
527,12.0,2,3,6CL-FJ
528,12.0,2,3,6CL-FJ
529,12.0,2,3,6CL-FJ
530,12.0,2,3,6CL-FJ
531,12.0,2,3,6CL-FJ
532,12.0,2,3,6CL-FJ
533,12.0,2,3,6CL-FJ
534,12.0,2,3,6CL-FJ
535,12.0,2,3,6CL-FJ
536,12.0,2,3,6CL-FJ
537,12.0,2,3,6CL-FJ
538,12.0,2,3,6CL-FJ
539,12.0,2,3,6CL-FJ
540,12.0,2,3,6CL-FJ
541,12.0,2,3,6CL-FJ
542,12.0,2,3,6CL-FJ
543,12.0,2,3,6CL-FJ
544,12.0,2,3,6CL-FJ
545,12.0,2,3,6CL-FJ
546,12.0,2,3,6CL-FJ
547,12.0,2,3,6CL-FJ
548,12.0,2,3,6CL-FJ
549,12.0,2,3,6CL-FJ
550,12.0,2,3,6CL-FJ
551,12.0,2,3,6CL-FJ
552,12.0,2,3,6CL-FJ
553,12.0,2,3,6CL-FJ
554,12.0,2,3,6CL-FJ
555,12.0,2,3,6CL-FJ
556,12.0,2,3,6CL-FJ
557,12.0,2,3,6CL-FJ
558,12.0,2,3,6CL-FJ
559,12.0,2,3,6CL-FJ
560,12.0,2,3,6CL-FJ
561,12.0,2,3,6CL-FJ
562,12.0,2,3,6CL-FJ
563,12.0,2,3,6CL-FJ
564,12.0,2,3,6CL-FJ
565,12.0,2,3,6CL-FJ
566,12.0,2,3,6CL-FJ
567,12.0,2,3,6CL-FJ
568,12.0,2,3,6CL-FJ
569,12.0,2,3,6CL-FJ
570,12.0,2,3,6CL-FJ
571,12.0,2,3,6CL-FJ
572,12.0,2,3,6CL-FJ
573,12.0,2,3,6CL-FJ
574,12.0,2,3,6CL-FJ
575,12.0,2,3,6CL-FJ
576,12.0,2,3,6CL-FJ
577,12.0,2,3,6CL-FJ
578,12.0,2,3,6CL-FJ
579,12.0,2,3,6CL-FJ
580,12.0,2,3,6CL-FJ
581,12.0,2,3,6CL-FJ
582,12.0,2,3,6CL-FJ
583,12.0,2,3,6CL-FJ
584,12.0,2,3,6CL-FJ
585,12.0,2,3,6CL-FJ
586,12.0,2,3,6CL-FJ
587,12.0,2,3,6CL-FJ
588,12.0,2,3,6CL-FJ
589,12.0,2,3,6CL-FJ
590,12.0,2,3,6CL-FJ
591,12.0,2,3,6CL-FJ
592,12.0,2,3,6CL-FJ
593,12.0,2,3,6CL-FJ
594,12.0,2,3,6CL-FJ
595,12.0,2,3,6CL-FJ
596,12.0,2,3,6CL-FJ
597,12.0,2,3,6CL-FJ
598,12.0,2,3,6CL-FJ
599,12.0,2,3,6CL-FJ
600,12.0,2,3,6CL-FJ
601,12.0,2,3,6CL-FJ
602,12.0,2,3,6CL-FJ
603,12.0,2,3,6CL-FJ
604,12.0,2,3,6CL-FJ
605,12.0,2,3,6CL-FJ
606,12.0,2,3,6CL-FJ
607,12.0,2,3,6CL-FJ
608,12.0,2,3,6CL-FJ
609,12.0,2,3,6CL-FJ
610,12.0,2,3,6CL-FJ
611,12.0,2,3,6CL-FJ
612,12.0,2,3,6CL-FJ
613,12.0,2,3,6CL-FJ
614,12.0,2,3,6CL-FJ
615,12.0,2,3,6CL-FJ
616,12.0,2,3,6CL-FJ
617,12.0,2,3,6CL-FJ
618,12.0,2,3,6CL-FJ
619,12.0,2,3,6CL-FJ
620,12.0,2,3,6CL-FJ
621,12.0,2,3,6CL-FJ
622,12.0,2,3,6CL-FJ
623,12.0,2,3,6CL-FJ
624,12.0,2,3,6CL-FJ
625,12.0,2,3,6CL-FJ
626,12.0,2,3,6CL-FJ
627,12.0,2,3,6CL-FJ
628,12.0,2,3,6CL-FJ
629,12.0,2,3,6CL-FJ
630,12.0,2,3,6CL-FJ
631,12.0,2,3,6CL-FJ
632,12.0,2,3,6CL-FJ
633,12.0,2,3,6CL-FJ
634,12.0,2,3,6CL-FJ
635,12.0,2,3,6CL-FJ
636,12.0,2,3,6CL-FJ
637,12.0,2,3,6CL-FJ
638,12.0,2,3,6CL-FJ
639,12.0,2,3,6CL-FJ
640,12.0,2,3,6CL-FJ
641,12.0,2,3,6CL-FJ
642,12.0,2,3,6CL-FJ
643,12.0,2,3,6CL-FJ
644,12.0,2,3,6CL-FJ
645,12.0,2,3,6CL-FJ
646,12.0,2,3,6CL-FJ
647,12.0,2,3,6CL-FJ
648,12.0,2,3,6CL-FJ
649,12.0,2,3,6CL-FJ
650,12.0,2,3,6CL-FJ
651,12.0,2,3,6CL-FJ
652,12.0,2,3,6CL-FJ
653,12.0,2,3,6CL-FJ
654,12.0,2,3,6CL-FJ
655,12.0,2,3,6CL-FJ
656,12.0,2,3,6CL-FJ
657,12.0,2,3,6CL-FJ
658,12.0,2,3,6CL-FJ
659,12.0,2,3,6CL-FJ
660,12.0,2,3,6CL-FJ
661,12.0,2,3,6CL-FJ
662,12.0,2,3,6CL-FJ
663,12.0,2,3,6CL-FJ
664,12.0,2,3,6CL-FJ
665,12.0,2,3,6CL-FJ
666,12.0,2,3,6CL-FJ
667,12.0,2,3,6CL-FJ
668,12.0,2,3,6CL-FJ
669,12.0,2,3,6CL-FJ
670,12.0,2,3,6CL-FJ
671,12.0,2,3,6CL-FJ
672,12.0,2,3,6CL-FJ
673,12.0,2,3,6CL-FJ
674,12.0,2,3,6CL-FJ
675,12.0,2,3,6CL-FJ
676,12.0,2,3,6CL-FJ
677,12.0,2,3,6CL-FJ
678,12.0,2,3,6CL-FJ
679,12.0,2,3,6CL-FJ
680,12.0,2,3,6CL-FJ
681,12.0,2,3,6CL-FJ
682,12.0,2,3,6CL-FJ
683,12.0,2,3,6CL-FJ
684,12.0,2,3,6CL-FJ
685,12.0,2,3,6CL-FJ
686,12.0,2,3,6CL-FJ
687,12.0,2,3,6CL-FJ
688,12.0,2,3,6CL-FJ
689,12.0,2,3,6CL-FJ
690,12.0,2,3,6CL-FJ
691,12.0,2,3,6CL-FJ
692,12.0,2,3,6CL-FJ
693,12.0,2,3,6CL-FJ
694,12.0,2,3,6CL-FJ
695,12.0,2,3,6CL-FJ
696,12.0,2,3,6CL-FJ
697,12.0,2,3,6CL-FJ
698,12.0,2,3,6CL-FJ
699,12.0,2,3,6CL-FJ
700,12.0,2,3,6CL-FJ
701,12.0,2,3,6CL-FJ
702,12.0,2,3,6CL-FJ
703,12.0,2,3,6CL-FJ
704,12.0,2,3,6CL-FJ
705,12.0,2,3,6CL-FJ
706,12.0,2,3,6CL-FJ
707,12.0,2,3,6CL-FJ
708,12.0,2,3,6CL-FJ
709,12.0,2,3,6CL-FJ
710,12.0,2,3,6CL-FJ
711,12.0,2,3,6CL-FJ
712,12.0,2,3,6CL-FJ
713,12.0,2,3,6CL-FJ
714,12.0,2,3,6CL-FJ
715,12.0,2,3,6CL-FJ
716,12.0,2,3,6CL-FJ
717,12.0,2,3,6CL-FJ
718,12.0,2,3,6CL-FJ
719,12.0,2,3,6CL-FJ
720,12.0,2,3,6CL-FJ
721,12.0,2,3,6CL-FJ
722,12.0,2,3,6CL-FJ
723,12.0,2,3,6CL-FJ
724,12.0,2,3,6CL-FJ
725,12.0,2,3,6CL-FJ
726,12.0,2,3,6CL-FJ
727,12.0,2,3,6CL-FJ
728,12.0,2,3,6CL-FJ
729,12.0,2,3,6CL-FJ
730,12.0,2,3,6CL-FJ
731,12.0,2,3,6CL-FJ
732,12.0,2,3,6CL-FJ
733,12.0,2,3,6CL-FJ
734,12.0,2,3,6CL-FJ
735,12.0,2,3,6CL-FJ
736,12.0,2,3,6CL-FJ
737,12.0,2,3,6CL-FJ
738,12.0,2,3,6CL-FJ
739,12.0,2,3,6CL-FJ
740,12.0,2,3,6CL-FJ
741,12.0,2,3,6CL-FJ
742,12.0,2,3,6CL-FJ
743,12.0,2,3,6CL-FJ
744,12.0,2,3,6CL-FJ
745,12.0,2,3,6CL-FJ
746,12.0,2,3,6CL-FJ
747,12.0,2,3,6CL-FJ
748,12.0,2,3,6CL-FJ
749,12.0,2,3,6CL-FJ
750,12.0,2,3,6CL-FJ
751,12.0,2,3,6CL-FJ
752,12.0,2,3,6CL-FJ
753,12.0,2,3,6CL-FJ
754,12.0,2,3,6CL-FJ
755,12.0,2,3,6CL-FJ
756,12.0,2,3,6CL-FJ
757,12.0,2,3,6CL-FJ
758,12.0,2,3,6CL-FJ
759,12.0,2,3,6CL-FJ
760,12.0,2,3,6CL-FJ
761,12.0,2,3,6CL-FJ
762,12.0,2,3,6CL-FJ
763,12.0,2,3,6CL-FJ
764,12.0,2,3,6CL-FJ
765,12.0,2,3,6CL-FJ
766,12.0,2,3,6CL-FJ
767,12.0,2,3,6CL-FJ
768,12.0,2,3,6CL-FJ
769,12.0,2,3,6CL-FJ
770,12.0,2,3,6CL-FJ
771,12.0,2,3,6CL-FJ
772,12.0,2,3,6CL-FJ
773,12.0,2,3,6CL-FJ
774,12.0,2,3,6CL-FJ
775,12.0,2,3,6CL-FJ
776,12.0,2,3,6CL-FJ
777,12.0,2,3,6CL-FJ
778,12.0,2,3,6CL-FJ
779,12.0,2,3,6CL-FJ
780,12.0,2,3,6CL-FJ
781,12.0,2,3,6CL-FJ
782,12.0,2,3,6CL-FJ
783,12.0,2,3,6CL-FJ
784,12.0,2,3,6CL-FJ
785,12.0,2,3,6CL-FJ
786,12.0,2,3,6CL-FJ
787,12.0,2,3,6CL-FJ
788,12.0,2,3,6CL-FJ
789,12.0,2,3,6CL-FJ
790,12.0,2,3,6CL-FJ
791,12.0,2,3,6CL-FJ
792,12.0,2,3,6CL-FJ
793,12.0,2,3,6CL-FJ
794,12.0,2,3,6CL-FJ
795,12.0,2,3,6CL-FJ
796,12.0,2,3,6CL-FJ
797,12.0,2,3,6CL-FJ
798,12.0,2,3,6CL-FJ
799,12.0,2,3,6CL-FJ
800,12.0,2,3,6CL-FJ
801,12.0,2,3,6CL-FJ
802,12.0,2,3,6CL-FJ
803,12.0,2,3,6CL-FJ
804,12.0,2,3,6CL-FJ
805,12.0,2,3,6CL-FJ
806,12.0,2,3,6CL-FJ
807,12.0,2,3,6CL-FJ
808,12.0,2,3,6CL-FJ
809,12.0,2,3,6CL-FJ
810,12.0,2,3,6CL-FJ
811,12.0,2,3,6CL-FJ
812,12.0,2,3,6CL-FJ
813,12.0,2,3,6CL-FJ
814,12.0,2,3,6CL-FJ
815,12.0,2,3,6CL-FJ
816,12.0,2,3,6CL-FJ
817,12.0,2,3,6CL-FJ
818,12.0,2,3,6CL-FJ
819,12.0,2,3,6CL-FJ
820,12.0,2,3,6CL-FJ
821,12.0,2,3,6CL-FJ
822,12.0,2,3,6CL-FJ
823,12.0,2,3,6CL-FJ
824,12.0,2,3,6CL-FJ
825,12.0,2,3,6CL-FJ
826,12.0,2,3,6CL-FJ
827,12.0,2,3,6CL-FJ
828,12.0,2,3,6CL-FJ
829,12.0,2,3,6CL-FJ
830,12.0,2,3,6CL-FJ
831,12.0,2,3,6CL-FJ
832,12.0,2,3,6CL-FJ
833,12.0,2,3,6CL-FJ
834,12.0,2,3,6CL-FJ
835,12.0,2,3,6CL-FJ
836,12.0,2,3,6CL-FJ
837,12.0,2,3,6CL-FJ
838,12.0,2,3,6CL-FJ
839,12.0,2,3,6CL-FJ
840,12.0,2,3,6CL-FJ
841,12.0,2,3,6CL-FJ
842,12.0,2,3,6CL-FJ
843,12.0,2,3,6CL-FJ
844,12.0,2,3,6CL-FJ
845,12.0,2,3,6CL-FJ
846,12.0,2,3,6CL-FJ
847,12.0,2,3,6CL-FJ
848,12.0,2,3,6CL-FJ
849,12.0,2,3,6CL-FJ
850,12.0,2,3,6CL-FJ
851,12.0,2,3,6CL-FJ
852,12.0,2,3,6CL-FJ
853,12.0,2,3,6CL-FJ
854,12.0,2,3,6CL-FJ
855,12.0,2,3,6CL-FJ
856,12.0,2,3,6CL-FJ
857,12.0,2,3,6CL-FJ
858,12.0,2,3,6CL-FJ
859,12.0,2,3,6CL-FJ
860,12.0,2,3,6CL-FJ
861,12.0,2,3,6CL-FJ
862,12.0,2,3,6CL-FJ
863,12.0,2,3,6CL-FJ
864,13.0,2,6,6CL-FJ
865,13.0,2,6,6CL-FJ
866,13.0,2,6,6CL-FJ
867,13.0,2,6,6CL-FJ
868,13.0,2,6,6CL-FJ
869,13.0,2,6,6CL-FJ
870,13.0,2,6,6CL-FJ
871,13.0,2,6,6CL-FJ
872,13.0,2,6,6CL-FJ
873,13.0,2,6,6CL-FJ
874,13.0,2,6,6CL-FJ
875,13.0,2,6,6CL-FJ
876,13.0,2,6,6CL-FJ
877,13.0,2,6,6CL-FJ
878,13.0,2,6,6CL-FJ
879,13.0,2,6,6CL-FJ
880,13.0,2,6,6CL-FJ
881,13.0,2,6,6CL-FJ
882,13.0,2,6,6CL-FJ
883,13.0,2,6,6CL-FJ
884,13.0,2,6,6CL-FJ
885,13.0,2,6,6CL-FJ
886,13.0,2,6,6CL-FJ
887,13.0,2,6,6CL-FJ
888,13.0,2,6,6CL-FJ
889,13.0,2,6,6CL-FJ
890,13.0,2,6,6CL-FJ
891,13.0,2,6,6CL-FJ
892,13.0,2,6,6CL-FJ
893,13.0,2,6,6CL-FJ
894,13.0,2,6,6CL-FJ
895,13.0,2,6,6CL-FJ
896,13.0,2,6,6CL-FJ
897,13.0,2,6,6CL-FJ
898,13.0,2,6,6CL-FJ
899,13.0,2,6,6CL-FJ
900,13.0,2,6,6CL-FJ
901,13.0,2,6,6CL-FJ
902,13.0,2,6,6CL-FJ
903,13.0,2,6,6CL-FJ
904,13.0,2,6,6CL-FJ
905,13.0,2,6,6CL-FJ
906,13.0,2,6,6CL-FJ
907,13.0,2,6,6CL-FJ
908,13.0,2,6,6CL-FJ
909,13.0,2,6,6CL-FJ
910,13.0,2,6,6CL-FJ
911,13.0,2,6,6CL-FJ
912,13.0,2,6,6CL-FJ
913,13.0,2,6,6CL-FJ
914,13.0,2,6,6CL-FJ
915,13.0,2,6,6CL-FJ
916,13.0,2,6,6CL-FJ
917,13.0,2,6,6CL-FJ
918,13.0,2,6,6CL-FJ
919,13.0,2,6,6CL-FJ
920,13.0,2,6,6CL-FJ
921,13.0,2,6,6CL-FJ
922,13.0,2,6,6CL-FJ
923,13.0,2,6,6CL-FJ
924,13.0,2,6,6CL-FJ
925,13.0,2,6,6CL-FJ
926,13.0,2,6,6CL-FJ
927,13.0,2,6,6CL-FJ
928,13.0,2,6,6CL-FJ
929,13.0,2,6,6CL-FJ
930,13.0,2,6,6CL-FJ
931,13.0,2,6,6CL-FJ
932,13.0,2,6,6CL-FJ
933,13.0,2,6,6CL-FJ
934,13.0,2,6,6CL-FJ
935,13.0,2,6,6CL-FJ
936,13.0,2,6,6CL-FJ
937,13.0,2,6,6CL-FJ
938,13.0,2,6,6CL-FJ
939,13.0,2,6,6CL-FJ
940,13.0,2,6,6CL-FJ
941,13.0,2,6,6CL-FJ
942,13.0,2,6,6CL-FJ
943,13.0,2,6,6CL-FJ
944,13.0,2,6,6CL-FJ
945,13.0,2,6,6CL-FJ
946,13.0,2,6,6CL-FJ
947,13.0,2,6,6CL-FJ
948,13.0,2,6,6CL-FJ
949,13.0,2,6,6CL-FJ
950,13.0,2,6,6CL-FJ
951,13.0,2,6,6CL-FJ
952,13.0,2,6,6CL-FJ
953,13.0,2,6,6CL-FJ
954,13.0,2,6,6CL-FJ
955,13.0,2,6,6CL-FJ
956,13.0,2,6,6CL-FJ
957,13.0,2,6,6CL-FJ
958,13.0,2,6,6CL-FJ
959,13.0,2,6,6CL-FJ
960,13.0,2,6,6CL-FJ
961,13.0,2,6,6CL-FJ
962,13.0,2,6,6CL-FJ
963,13.0,2,6,6CL-FJ
964,13.0,2,6,6CL-FJ
965,13.0,2,6,6CL-FJ
966,13.0,2,6,6CL-FJ
967,13.0,2,6,6CL-FJ
968,13.0,2,6,6CL-FJ
969,13.0,2,6,6CL-FJ
970,13.0,2,6,6CL-FJ
971,13.0,2,6,6CL-FJ
972,13.0,2,6,6CL-FJ
973,13.0,2,6,6CL-FJ
974,13.0,2,6,6CL-FJ
975,13.0,2,6,6CL-FJ
976,13.0,2,6,6CL-FJ
977,13.0,2,6,6CL-FJ
978,13.0,2,6,6CL-FJ
979,13.0,2,6,6CL-FJ
980,13.0,2,6,6CL-FJ
981,13.0,2,6,6CL-FJ
982,13.0,2,6,6CL-FJ
983,13.0,2,6,6CL-FJ
984,13.0,2,6,6CL-FJ
985,13.0,2,6,6CL-FJ
986,13.0,2,6,6CL-FJ
987,13.0,2,6,6CL-FJ
988,13.0,2,6,6CL-FJ
989,13.0,2,6,6CL-FJ
990,13.0,2,6,6CL-FJ
991,13.0,2,6,6CL-FJ
992,13.0,2,6,6CL-FJ
993,13.0,2,6,6CL-FJ
994,13.0,2,6,6CL-FJ
995,13.0,2,6,6CL-FJ
996,13.0,2,6,6CL-FJ
997,13.0,2,6,6CL-FJ
998,13.0,2,6,6CL-FJ
999,13.0,2,6,6CL-FJ
1000,13.0,2,6,6CL-FJ
1001,13.0,2,6,6CL-FJ
1002,13.0,2,6,6CL-FJ
1003,13.0,2,6,6CL-FJ
1004,13.0,2,6,6CL-FJ
1005,13.0,2,6,6CL-FJ
1006,13.0,2,6,6CL-FJ
1007,13.0,2,6,6CL-FJ
1008,13.0,2,6,6CL-FJ
1009,13.0,2,6,6CL-FJ
1010,13.0,2,6,6CL-FJ
1011,13.0,2,6,6CL-FJ
1012,13.0,2,6,6CL-FJ
1013,13.0,2,6,6CL-FJ
1014,13.0,2,6,6CL-FJ
1015,13.0,2,6,6CL-FJ
1016,13.0,2,6,6CL-FJ
1017,13.0,2,6,6CL-FJ
1018,13.0,2,6,6CL-FJ
1019,13.0,2,6,6CL-FJ
1020,13.0,2,6,6CL-FJ
1021,13.0,2,6,6CL-FJ
1022,13.0,2,6,6CL-FJ
1023,13.0,2,6,6CL-FJ
1024,13.0,2,6,6CL-FJ
1025,13.0,2,6,6CL-FJ
1026,13.0,2,6,6CL-FJ
1027,13.0,2,6,6CL-FJ
1028,13.0,2,6,6CL-FJ
1029,13.0,2,6,6CL-FJ
1030,13.0,2,6,6CL-FJ
1031,13.0,2,6,6CL-FJ
1032,13.0,2,6,6CL-FJ
1033,13.0,2,6,6CL-FJ
1034,13.0,2,6,6CL-FJ
1035,13.0,2,6,6CL-FJ
1036,13.0,2,6,6CL-FJ
1037,13.0,2,6,6CL-FJ
1038,13.0,2,6,6CL-FJ
1039,13.0,2,6,6CL-FJ
1040,13.0,2,6,6CL-FJ
1041,13.0,2,6,6CL-FJ
1042,13.0,2,6,6CL-FJ
1043,13.0,2,6,6CL-FJ
1044,13.0,2,6,6CL-FJ
1045,13.0,2,6,6CL-FJ
1046,13.0,2,6,6CL-FJ
1047,13.0,2,6,6CL-FJ
1048,13.0,2,6,6CL-FJ
1049,13.0,2,6,6CL-FJ
1050,13.0,2,6,6CL-FJ
1051,13.0,2,6,6CL-FJ
1052,13.0,2,6,6CL-FJ
1053,13.0,2,6,6CL-FJ
1054,13.0,2,6,6CL-FJ
1055,13.0,2,6,6CL-FJ
1056,13.0,2,6,6CL-FJ
1057,13.0,2,6,6CL-FJ
1058,13.0,2,6,6CL-FJ
1059,13.0,2,6,6CL-FJ
1060,13.0,2,6,6CL-FJ
1061,13.0,2,6,6CL-FJ
1062,13.0,2,6,6CL-FJ
1063,13.0,2,6,6CL-FJ
1064,13.0,2,6,6CL-FJ
1065,13.0,2,6,6CL-FJ
1066,13.0,2,6,6CL-FJ
1067,13.0,2,6,6CL-FJ
1068,13.0,2,6,6CL-FJ
1069,13.0,2,6,6CL-FJ
1070,13.0,2,6,6CL-FJ
1071,13.0,2,6,6CL-FJ
1072,13.0,2,6,6CL-FJ
1073,13.0,2,6,6CL-FJ
1074,13.0,2,6,6CL-FJ
1075,13.0,2,6,6CL-FJ
1076,13.0,2,6,6CL-FJ
1077,13.0,2,6,6CL-FJ
1078,13.0,2,6,6CL-FJ
1079,13.0,2,6,6CL-FJ
1080,13.0,2,6,6CL-FJ
1081,13.0,2,6,6CL-FJ
1082,13.0,2,6,6CL-FJ
1083,13.0,2,6,6CL-FJ
1084,13.0,2,6,6CL-FJ
1085,13.0,2,6,6CL-FJ
1086,13.0,2,6,6CL-FJ
1087,13.0,2,6,6CL-FJ
1088,13.0,2,6,6CL-FJ
1089,13.0,2,6,6CL-FJ
1090,13.0,2,6,6CL-FJ
1091,13.0,2,6,6CL-FJ
1092,13.0,2,6,6CL-FJ
1093,13.0,2,6,6CL-FJ
1094,13.0,2,6,6CL-FJ
1095,13.0,2,6,6CL-FJ
1096,13.0,2,6,6CL-FJ
1097,13.0,2,6,6CL-FJ
1098,13.0,2,6,6CL-FJ
1099,13.0,2,6,6CL-FJ
1100,13.0,2,6,6CL-FJ
1101,13.0,2,6,6CL-FJ
1102,13.0,2,6,6CL-FJ
1103,13.0,2,6,6CL-FJ
1104,13.0,2,6,6CL-FJ
1105,13.0,2,6,6CL-FJ
1106,13.0,2,6,6CL-FJ
1107,13.0,2,6,6CL-FJ
1108,13.0,2,6,6CL-FJ
1109,13.0,2,6,6CL-FJ
1110,13.0,2,6,6CL-FJ
1111,13.0,2,6,6CL-FJ
1112,13.0,2,6,6CL-FJ
1113,13.0,2,6,6CL-FJ
1114,13.0,2,6,6CL-FJ
1115,13.0,2,6,6CL-FJ
1116,13.0,2,6,6CL-FJ
1117,13.0,2,6,6CL-FJ
1118,13.0,2,6,6CL-FJ
1119,13.0,2,6,6CL-FJ
1120,13.0,2,6,6CL-FJ
1121,13.0,2,6,6CL-FJ
1122,13.0,2,6,6CL-FJ
1123,13.0,2,6,6CL-FJ
1124,13.0,2,6,6CL-FJ
1125,13.0,2,6,6CL-FJ
1126,13.0,2,6,6CL-FJ
1127,13.0,2,6,6CL-FJ
1128,13.0,2,6,6CL-FJ
1129,13.0,2,6,6CL-FJ
1130,13.0,2,6,6CL-FJ
1131,13.0,2,6,6CL-FJ
1132,13.0,2,6,6CL-FJ
1133,13.0,2,6,6CL-FJ
1134,13.0,2,6,6CL-FJ
1135,13.0,2,6,6CL-FJ
1136,13.0,2,6,6CL-FJ
1137,13.0,2,6,6CL-FJ
1138,13.0,2,6,6CL-FJ
1139,13.0,2,6,6CL-FJ
1140,13.0,2,6,6CL-FJ
1141,13.0,2,6,6CL-FJ
1142,13.0,2,6,6CL-FJ
1143,13.0,2,6,6CL-FJ
1144,13.0,2,6,6CL-FJ
1145,13.0,2,6,6CL-FJ
1146,13.0,2,6,6CL-FJ
1147,13.0,2,6,6CL-FJ
1148,13.0,2,6,6CL-FJ
1149,13.0,2,6,6CL-FJ
1150,13.0,2,6,6CL-FJ
1151,13.0,2,6,6CL-FJ
1152,13.0,2,6,6CL-FJ
1153,13.0,2,6,6CL-FJ
1154,13.0,2,6,6CL-FJ
1155,13.0,2,6,6CL-FJ
1156,13.0,2,6,6CL-FJ
1157,13.0,2,6,6CL-FJ
1158,13.0,2,6,6CL-FJ
1159,13.0,2,6,6CL-FJ
1160,13.0,2,6,6CL-FJ
1161,13.0,2,6,6CL-FJ
1162,13.0,2,6,6CL-FJ
1163,13.0,2,6,6CL-FJ
1164,13.0,2,6,6CL-FJ
1165,13.0,2,6,6CL-FJ
1166,13.0,2,6,6CL-FJ
1167,13.0,2,6,6CL-FJ
1168,13.0,2,6,6CL-FJ
1169,13.0,2,6,6CL-FJ
1170,13.0,2,6,6CL-FJ
1171,13.0,2,6,6CL-FJ
1172,13.0,2,6,6CL-FJ
1173,13.0,2,6,6CL-FJ
1174,13.0,2,6,6CL-FJ
1175,13.0,2,6,6CL-FJ
1176,13.0,2,6,6CL-FJ
1177,13.0,2,6,6CL-FJ
1178,13.0,2,6,6CL-FJ
1179,13.0,2,6,6CL-FJ
1180,13.0,2,6,6CL-FJ
1181,13.0,2,6,6CL-FJ
1182,13.0,2,6,6CL-FJ
1183,13.0,2,6,6CL-FJ
1184,13.0,2,6,6CL-FJ
1185,13.0,2,6,6CL-FJ
1186,13.0,2,6,6CL-FJ
1187,13.0,2,6,6CL-FJ
1188,13.0,2,6,6CL-FJ
1189,13.0,2,6,6CL-FJ
1190,13.0,2,6,6CL-FJ
1191,13.0,2,6,6CL-FJ
1192,13.0,2,6,6CL-FJ
1193,13.0,2,6,6CL-FJ
1194,13.0,2,6,6CL-FJ
1195,13.0,2,6,6CL-FJ
1196,13.0,2,6,6CL-FJ
1197,13.0,2,6,6CL-FJ
1198,13.0,2,6,6CL-FJ
1199,13.0,2,6,6CL-FJ
1200,13.0,2,6,6CL-FJ
1201,13.0,2,6,6CL-FJ
1202,13.0,2,6,6CL-FJ
1203,13.0,2,6,6CL-FJ
1204,13.0,2,6,6CL-FJ
1205,13.0,2,6,6CL-FJ
1206,13.0,2,6,6CL-FJ
1207,13.0,2,6,6CL-FJ
1208,13.0,2,6,6CL-FJ
1209,13.0,2,6,6CL-FJ
1210,13.0,2,6,6CL-FJ
1211,13.0,2,6,6CL-FJ
1212,13.0,2,6,6CL-FJ
1213,13.0,2,6,6CL-FJ
1214,13.0,2,6,6CL-FJ
1215,13.0,2,6,6CL-FJ
1216,13.0,2,6,6CL-FJ
1217,13.0,2,6,6CL-FJ
1218,13.0,2,6,6CL-FJ
1219,13.0,2,6,6CL-FJ
1220,13.0,2,6,6CL-FJ
1221,13.0,2,6,6CL-FJ
1222,13.0,2,6,6CL-FJ
1223,13.0,2,6,6CL-FJ
1224,13.0,2,6,6CL-FJ
1225,13.0,2,6,6CL-FJ
1226,13.0,2,6,6CL-FJ
1227,13.0,2,6,6CL-FJ
1228,13.0,2,6,6CL-FJ
1229,13.0,2,6,6CL-FJ
1230,13.0,2,6,6CL-FJ
1231,13.0,2,6,6CL-FJ
1232,13.0,2,6,6CL-FJ
1233,13.0,2,6,6CL-FJ
1234,13.0,2,6,6CL-FJ
1235,13.0,2,6,6CL-FJ
1236,13.0,2,6,6CL-FJ
1237,13.0,2,6,6CL-FJ
1238,13.0,2,6,6CL-FJ
1239,13.0,2,6,6CL-FJ
1240,13.0,2,6,6CL-FJ
1241,13.0,2,6,6CL-FJ
1242,13.0,2,6,6CL-FJ
1243,13.0,2,6,6CL-FJ
1244,13.0,2,6,6CL-FJ
1245,13.0,2,6,6CL-FJ
1246,13.0,2,6,6CL-FJ
1247,13.0,2,6,6CL-FJ
1248,13.0,2,6,6CL-FJ
1249,13.0,2,6,6CL-FJ
1250,13.0,2,6,6CL-FJ
1251,13.0,2,6,6CL-FJ
1252,13.0,2,6,6CL-FJ
1253,13.0,2,6,6CL-FJ
1254,13.0,2,6,6CL-FJ
1255,13.0,2,6,6CL-FJ
1256,13.0,2,6,6CL-FJ
1257,13.0,2,6,6CL-FJ
1258,13.0,2,6,6CL-FJ
1259,13.0,2,6,6CL-FJ
1260,13.0,2,6,6CL-FJ
1261,13.0,2,6,6CL-FJ
1262,13.0,2,6,6CL-FJ
1263,13.0,2,6,6CL-FJ
1264,13.0,2,6,6CL-FJ
1265,13.0,2,6,6CL-FJ
1266,13.0,2,6,6CL-FJ
1267,13.0,2,6,6CL-FJ
1268,13.0,2,6,6CL-FJ
1269,13.0,2,6,6CL-FJ
1270,13.0,2,6,6CL-FJ
1271,13.0,2,6,6CL-FJ
1272,13.0,2,6,6CL-FJ
1273,13.0,2,6,6CL-FJ
1274,13.0,2,6,6CL-FJ
1275,13.0,2,8,6CL-FJ
1276,13.0,2,8,6CL-FJ
1277,13.0,2,8,6CL-FJ
1278,13.0,2,8,6CL-FJ
1279,13.0,2,8,6CL-FJ
1280,13.0,2,8,6CL-FJ
1281,13.0,2,8,6CL-FJ
1282,13.0,2,8,6CL-FJ
1283,13.0,2,8,6CL-FJ
1284,13.0,2,8,6CL-FJ
1285,13.0,2,8,6CL-FJ
1286,13.0,2,8,6CL-FJ
1287,13.0,2,8,6CL-FJ
1288,13.0,2,8,6CL-FJ
1289,13.0,2,8,6CL-FJ
1290,13.0,2,8,6CL-FJ
1291,13.0,2,8,6CL-FJ
1292,13.0,2,8,6CL-FJ
1293,13.0,2,8,6CL-FJ
1294,13.0,2,8,6CL-FJ
1295,13.0,2,8,6CL-FJ
1296,13.0,2,8,6CL-FJ
1297,13.0,2,8,6CL-FJ
1298,13.0,2,8,6CL-FJ
1299,13.0,2,8,6CL-FJ
1300,13.0,2,8,6CL-FJ
1301,13.0,2,8,6CL-FJ
1302,13.0,2,8,6CL-FJ
1303,13.0,2,8,6CL-FJ
1304,13.0,2,8,6CL-FJ
1305,13.0,2,8,6CL-FJ
1306,13.0,2,8,6CL-FJ
1307,13.0,2,8,6CL-FJ
1308,13.0,2,8,6CL-FJ
1309,13.0,2,8,6CL-FJ
1310,13.0,2,8,6CL-FJ
1311,13.0,2,8,6CL-FJ
1312,13.0,2,8,6CL-FJ
1313,13.0,2,8,6CL-FJ
1314,13.0,2,8,6CL-FJ
1315,13.0,2,8,6CL-FJ
1316,13.0,2,8,6CL-FJ
1317,13.0,2,8,6CL-FJ
1318,13.0,2,8,6CL-FJ
1319,13.0,2,8,6CL-FJ
1320,13.0,2,8,6CL-FJ
1321,13.0,2,8,6CL-FJ
1322,13.0,2,8,6CL-FJ
1323,13.0,2,8,6CL-FJ
1324,13.0,2,8,6CL-FJ
1325,13.0,2,8,6CL-FJ
1326,13.0,2,8,6CL-FJ
1327,13.0,2,8,6CL-FJ
1328,13.0,2,8,6CL-FJ
1329,13.0,2,8,6CL-FJ
1330,13.0,2,8,6CL-FJ
1331,13.0,2,8,6CL-FJ
1332,13.0,2,8,6CL-FJ
1333,13.0,2,8,6CL-FJ
1334,13.0,2,8,6CL-FJ
1335,13.0,2,8,6CL-FJ
1336,13.0,2,8,6CL-FJ
1337,13.0,2,8,6CL-FJ
1338,13.0,2,8,6CL-FJ
1339,13.0,2,8,6CL-FJ
1340,13.0,2,8,6CL-FJ
1341,13.0,2,8,6CL-FJ
1342,13.0,2,8,6CL-FJ
1343,13.0,2,8,6CL-FJ
1344,13.0,2,8,6CL-FJ
1345,13.0,2,8,6CL-FJ
1346,13.0,2,8,6CL-FJ
1347,13.0,2,8,6CL-FJ
1348,13.0,2,8,6CL-FJ
1349,13.0,2,8,6CL-FJ
1350,13.0,2,8,6CL-FJ
1351,13.0,2,8,6CL-FJ
1352,13.0,2,8,6CL-FJ
1353,13.0,2,8,6CL-FJ
1354,13.0,2,8,6CL-FJ
1355,13.0,2,8,6CL-FJ
1356,13.0,2,8,6CL-FJ
1357,13.0,2,8,6CL-FJ
1358,13.0,2,8,6CL-FJ
1359,13.0,2,8,6CL-FJ
1360,13.0,2,8,6CL-FJ
1361,13.0,2,8,6CL-FJ
1362,13.0,2,8,6CL-FJ
1363,13.0,2,8,6CL-FJ
1364,13.0,2,8,6CL-FJ
1365,13.0,2,8,6CL-FJ
1366,13.0,2,8,6CL-FJ
1367,13.0,2,8,6CL-FJ
1368,13.0,2,8,6CL-FJ
1369,13.0,2,8,6CL-FJ
1370,13.0,2,8,6CL-FJ
1371,13.0,2,8,6CL-FJ
1372,13.0,2,8,6CL-FJ
1373,13.0,2,8,6CL-FJ
1374,13.0,2,8,6CL-FJ
1375,13.0,2,8,6CL-FJ
1376,13.0,2,8,6CL-FJ
1377,13.0,2,8,6CL-FJ
1378,13.0,2,8,6CL-FJ
1379,13.0,2,8,6CL-FJ
1380,13.0,2,8,6CL-FJ
1381,13.0,2,8,6CL-FJ
1382,13.0,2,8,6CL-FJ
1383,13.0,2,8,6CL-FJ
1384,13.0,2,8,6CL-FJ
1385,13.0,2,8,6CL-FJ
1386,13.0,2,8,6CL-FJ
1387,13.0,2,8,6CL-FJ
1388,13.0,2,8,6CL-FJ
1389,13.0,2,8,6CL-FJ
1390,13.0,2,8,6CL-FJ
1391,13.0,2,8,6CL-FJ
1392,13.0,2,8,6CL-FJ
1393,13.0,2,8,6CL-FJ
1394,13.0,2,8,6CL-FJ
1395,13.0,2,8,6CL-FJ
1396,13.0,2,8,6CL-FJ
1397,13.0,2,8,6CL-FJ
1398,13.0,2,8,6CL-FJ
1399,13.0,2,8,6CL-FJ
1400,13.0,2,8,6CL-FJ
1401,13.0,2,8,6CL-FJ
1402,13.0,2,8,6CL-FJ
1403,13.0,2,8,6CL-FJ
1404,13.0,2,8,6CL-FJ
1405,13.0,2,8,6CL-FJ
1406,13.0,2,8,6CL-FJ
1407,13.0,2,8,6CL-FJ
1408,13.0,2,8,6CL-FJ
1409,13.0,2,8,6CL-FJ
1410,13.0,2,8,6CL-FJ
1411,13.0,2,8,6CL-FJ
1412,13.0,2,8,6CL-FJ
1413,13.0,2,8,6CL-FJ
1414,13.0,2,8,6CL-FJ
1415,13.0,2,8,6CL-FJ
1416,13.0,2,8,6CL-FJ
1417,13.0,2,8,6CL-FJ
1418,13.0,2,8,6CL-FJ
1419,13.0,2,8,6CL-FJ
1420,13.0,2,8,6CL-FJ
1421,13.0,2,8,6CL-FJ
1422,13.0,2,8,6CL-FJ
1423,13.0,2,8,6CL-FJ
1424,13.0,2,8,6CL-FJ
1425,13.0,2,8,6CL-FJ
1426,13.0,2,8,6CL-FJ
1427,13.0,2,8,6CL-FJ
1428,13.0,2,8,6CL-FJ
1429,13.0,2,8,6CL-FJ
1430,13.0,2,8,6CL-FJ
1431,13.0,2,8,6CL-FJ
1432,13.0,2,8,6CL-FJ
1433,13.0,2,8,6CL-FJ
1434,13.0,2,8,6CL-FJ
1435,13.0,2,8,6CL-FJ
1436,13.0,2,8,6CL-FJ
1437,13.0,2,8,6CL-FJ
1438,13.0,2,8,6CL-FJ
1439,13.0,2,8,6CL-FJ
1440,13.0,2,8,6CL-FJ
1441,13.0,2,8,6CL-FJ
1442,13.0,2,8,6CL-FJ
1443,13.0,2,8,6CL-FJ
1444,13.0,2,8,6CL-FJ
1445,13.0,2,8,6CL-FJ
1446,13.0,2,8,6CL-FJ
1447,13.0,2,8,6CL-FJ
1448,13.0,2,8,6CL-FJ
1449,13.0,2,8,6CL-FJ
1450,13.0,2,8,6CL-FJ
1451,13.0,2,8,6CL-FJ
1452,13.0,2,8,6CL-FJ
1453,13.0,2,8,6CL-FJ
1454,13.0,2,8,6CL-FJ
1455,13.0,2,8,6CL-FJ
1456,13.0,2,8,6CL-FJ
1457,13.0,2,8,6CL-FJ
1458,13.0,2,8,6CL-FJ
1459,13.0,2,8,6CL-FJ
1460,13.0,2,8,6CL-FJ
1461,13.0,2,8,6CL-FJ
1462,13.0,2,8,6CL-FJ
1463,13.0,2,8,6CL-FJ
1464,13.0,2,8,6CL-FJ
1465,13.0,2,8,6CL-FJ
1466,13.0,2,8,6CL-FJ
1467,13.0,2,8,6CL-FJ
1468,13.0,2,8,6CL-FJ
1469,13.0,2,8,6CL-FJ
1470,13.0,2,8,6CL-FJ
1471,13.0,2,8,6CL-FJ
1472,13.0,2,8,6CL-FJ
1473,13.0,2,8,6CL-FJ
1474,13.0,2,8,6CL-FJ
1475,13.0,2,8,6CL-FJ
1476,13.0,2,8,6CL-FJ
1477,13.0,2,8,6CL-FJ
1478,13.0,2,8,6CL-FJ
1479,13.0,2,8,6CL-FJ
1480,13.0,2,8,6CL-FJ
1481,13.0,2,8,6CL-FJ
1482,13.0,2,8,6CL-FJ
1483,13.0,2,8,6CL-FJ
1484,13.0,2,8,6CL-FJ
1485,13.0,2,8,6CL-FJ
1486,13.0,2,8,6CL-FJ
1487,13.0,2,8,6CL-FJ
1488,13.0,2,8,6CL-FJ
1489,13.0,2,8,6CL-FJ
1490,13.0,2,8,6CL-FJ
1491,13.0,2,8,6CL-FJ
1492,13.0,2,8,6CL-FJ
1493,13.0,2,8,6CL-FJ
1494,13.0,2,8,6CL-FJ
1495,13.0,2,8,6CL-FJ
1496,13.0,2,8,6CL-FJ
1497,13.0,2,8,6CL-FJ
1498,13.0,2,8,6CL-FJ
1499,13.0,2,8,6CL-FJ
1500,13.0,2,8,6CL-FJ
1501,13.0,2,8,6CL-FJ
1502,13.0,2,8,6CL-FJ
1503,13.0,2,8,6CL-FJ
1504,13.0,2,8,6CL-FJ
1505,13.0,2,8,6CL-FJ
1506,13.0,2,8,6CL-FJ
1507,13.0,2,8,6CL-FJ
1508,13.0,2,8,6CL-FJ
1509,13.0,2,8,6CL-FJ
1510,13.0,2,8,6CL-FJ
1511,13.0,2,8,6CL-FJ
1512,13.0,2,8,6CL-FJ
1513,13.0,2,8,6CL-FJ
1514,13.0,2,8,6CL-FJ
1515,13.0,2,8,6CL-FJ
1516,13.0,2,8,6CL-FJ
1517,13.0,2,8,6CL-FJ
1518,13.0,2,8,6CL-FJ
1519,13.0,2,8,6CL-FJ
1520,13.0,2,8,6CL-FJ
1521,13.0,2,8,6CL-FJ
1522,13.0,2,8,6CL-FJ
1523,13.0,2,8,6CL-FJ
1524,13.0,2,8,6CL-FJ
1525,13.0,2,8,6CL-FJ
1526,13.0,2,8,6CL-FJ
1527,13.0,2,8,6CL-FJ
1528,13.0,2,8,6CL-FJ
1529,13.0,2,8,6CL-FJ
1530,13.0,2,8,6CL-FJ
1531,13.0,2,8,6CL-FJ
1532,13.0,2,8,6CL-FJ
1533,13.0,2,8,6CL-FJ
1534,13.0,2,8,6CL-FJ
1535,13.0,2,8,6CL-FJ
1536,13.0,2,8,6CL-FJ
1537,13.0,2,8,6CL-FJ
1538,13.0,2,8,6CL-FJ
1539,13.0,2,8,6CL-FJ
1540,13.0,2,8,6CL-FJ
1541,13.0,2,8,6CL-FJ
1542,13.0,2,8,6CL-FJ
1543,13.0,2,8,6CL-FJ
1544,13.0,2,8,6CL-FJ
1545,13.0,2,8,6CL-FJ
1546,13.0,2,8,6CL-FJ
1547,13.0,2,8,6CL-FJ
1548,13.0,2,8,6CL-FJ
1549,13.0,2,8,6CL-FJ
1550,13.0,2,8,6CL-FJ
1551,13.0,2,8,6CL-FJ
1552,13.0,2,8,6CL-FJ
1553,13.0,2,8,6CL-FJ
1554,13.0,2,8,6CL-FJ
1555,13.0,2,8,6CL-FJ
1556,13.0,2,8,6CL-FJ
1557,13.0,2,8,6CL-FJ
1558,13.0,2,8,6CL-FJ
1559,13.0,2,8,6CL-FJ
1560,13.0,2,8,6CL-FJ
1561,13.0,2,8,6CL-FJ
1562,13.0,2,8,6CL-FJ
1563,13.0,2,8,6CL-FJ
1564,13.0,2,8,6CL-FJ
1565,13.0,2,8,6CL-FJ
1566,13.0,2,8,6CL-FJ
1567,13.0,2,8,6CL-FJ
1568,13.0,2,8,6CL-FJ
1569,13.0,2,8,6CL-FJ
1570,13.0,2,8,6CL-FJ
1571,13.0,2,8,6CL-FJ
1572,13.0,2,8,6CL-FJ
1573,13.0,2,8,6CL-FJ
1574,13.0,2,8,6CL-FJ
1575,13.0,2,8,6CL-FJ
1576,13.0,2,8,6CL-FJ
1577,13.0,2,8,6CL-FJ
1578,13.0,2,8,6CL-FJ
1579,13.0,2,8,6CL-FJ
1580,13.0,2,8,6CL-FJ
1581,13.0,2,8,6CL-FJ
1582,13.0,2,8,6CL-FJ
1583,13.0,2,8,6CL-FJ
1584,13.0,2,8,6CL-FJ
1585,13.0,2,8,6CL-FJ
1586,13.0,2,8,6CL-FJ
1587,13.0,2,8,6CL-FJ
1588,13.0,2,8,6CL-FJ
1589,13.0,2,8,6CL-FJ
1590,13.0,2,8,6CL-FJ
1591,13.0,2,8,6CL-FJ
1592,13.0,2,8,6CL-FJ
1593,13.0,2,8,6CL-FJ
1594,13.0,2,8,6CL-FJ
1595,13.0,2,8,6CL-FJ
1596,13.0,2,8,6CL-FJ
1597,13.0,2,8,6CL-FJ
1598,13.0,2,8,6CL-FJ
1599,13.0,2,8,6CL-FJ
1600,13.0,2,8,6CL-FJ
1601,13.0,2,8,6CL-FJ
1602,13.0,2,8,6CL-FJ
1603,13.0,2,8,6CL-FJ
1604,13.0,2,8,6CL-FJ
1605,13.0,2,8,6CL-FJ
1606,13.0,2,8,6CL-FJ
1607,13.0,2,8,6CL-FJ
1608,13.0,2,8,6CL-FJ
1609,13.0,2,8,6CL-FJ
1610,13.0,2,8,6CL-FJ
1611,13.0,2,8,6CL-FJ
1612,13.0,2,8,6CL-FJ
1613,13.0,2,8,6CL-FJ
1614,13.0,2,8,6CL-FJ
1615,13.0,2,8,6CL-FJ
1616,13.0,2,8,6CL-FJ
1617,13.0,2,8,6CL-FJ
1618,13.0,2,8,6CL-FJ
1619,13.0,2,8,6CL-FJ
1620,13.0,2,8,6CL-FJ
1621,13.0,2,8,6CL-FJ
1622,13.0,2,8,6CL-FJ
1623,13.0,2,8,6CL-FJ
1624,13.0,2,8,6CL-FJ
1625,13.0,2,8,6CL-FJ
1626,13.0,2,8,6CL-FJ
1627,13.0,2,8,6CL-FJ
1628,13.0,2,8,6CL-FJ
1629,13.0,2,8,6CL-FJ
1630,13.0,2,8,6CL-FJ
1631,13.0,2,8,6CL-FJ
1632,13.0,2,8,6CL-FJ
1633,13.0,2,8,6CL-FJ
1634,13.0,2,8,6CL-FJ
1635,13.0,2,8,6CL-FJ
1636,13.0,2,8,6CL-FJ
1637,13.0,2,8,6CL-FJ
1638,13.0,2,8,6CL-FJ
1639,13.0,2,8,6CL-FJ
1640,13.0,2,8,6CL-FJ
1641,13.0,2,8,6CL-FJ
1642,13.0,2,8,6CL-FJ
1643,13.0,2,8,6CL-FJ
1644,13.0,2,8,6CL-FJ
1645,13.0,2,8,6CL-FJ
1646,13.0,2,8,6CL-FJ
1647,13.0,2,8,6CL-FJ
1648,13.0,2,8,6CL-FJ
1649,13.0,2,8,6CL-FJ
1650,13.0,2,8,6CL-FJ
1651,13.0,2,8,6CL-FJ
1652,13.0,2,8,6CL-FJ
1653,13.0,2,8,6CL-FJ
1654,13.0,2,8,6CL-FJ
1655,13.0,2,8,6CL-FJ
1656,13.0,2,8,6CL-FJ
1657,13.0,2,8,6CL-FJ
1658,13.0,2,8,6CL-FJ
1659,13.0,2,8,6CL-FJ
1660,13.0,2,8,6CL-FJ
1661,13.0,2,8,6CL-FJ
1662,13.0,2,8,6CL-FJ
1663,13.0,2,8,6CL-FJ
1664,13.0,2,8,6CL-FJ
1665,13.0,2,8,6CL-FJ
1666,13.0,2,8,6CL-FJ
1667,13.0,2,8,6CL-FJ
1668,13.0,2,8,6CL-FJ
1669,13.0,2,8,6CL-FJ
1670,13.0,2,8,6CL-FJ
1671,13.0,2,8,6CL-FJ
1672,13.0,2,8,6CL-FJ
1673,13.0,2,8,6CL-FJ
1674,13.0,2,8,6CL-FJ
1675,13.0,2,8,6CL-FJ
1676,13.0,2,8,6CL-FJ
1677,13.0,2,8,6CL-FJ
1678,13.0,2,8,6CL-FJ
1679,13.0,2,8,6CL-FJ
1680,13.0,2,8,6CL-FJ
1681,13.0,2,8,6CL-FJ
1682,13.0,2,8,6CL-FJ
1683,13.0,2,8,6CL-FJ
1684,13.0,2,8,6CL-FJ
1685,13.0,2,8,6CL-FJ
1686,16.0,2,14,6CL-FJ
1687,16.0,2,14,6CL-FJ
1688,16.0,2,14,6CL-FJ
1689,16.0,2,14,6CL-FJ
1690,16.0,2,14,6CL-FJ
1691,16.0,2,14,6CL-FJ
1692,16.0,2,14,6CL-FJ
1693,16.0,2,14,6CL-FJ
1694,16.0,2,14,6CL-FJ
1695,16.0,2,14,6CL-FJ
1696,16.0,2,14,6CL-FJ
1697,16.0,2,14,6CL-FJ
1698,16.0,2,14,6CL-FJ
1699,16.0,2,14,6CL-FJ
1700,16.0,2,14,6CL-FJ
1701,16.0,2,14,6CL-FJ
1702,16.0,2,14,6CL-FJ
1703,16.0,2,14,6CL-FJ
1704,16.0,2,14,6CL-FJ
1705,16.0,2,14,6CL-FJ
1706,16.0,2,14,6CL-FJ
1707,16.0,2,14,6CL-FJ
1708,16.0,2,14,6CL-FJ
1709,16.0,2,14,6CL-FJ
1710,16.0,2,14,6CL-FJ
1711,16.0,2,14,6CL-FJ
1712,16.0,2,14,6CL-FJ
1713,16.0,2,14,6CL-FJ
1714,16.0,2,14,6CL-FJ
1715,16.0,2,14,6CL-FJ
1716,16.0,2,14,6CL-FJ
1717,16.0,2,14,6CL-FJ
1718,16.0,2,14,6CL-FJ
1719,16.0,2,14,6CL-FJ
1720,16.0,2,14,6CL-FJ
1721,16.0,2,14,6CL-FJ
1722,16.0,2,14,6CL-FJ
1723,16.0,2,14,6CL-FJ
1724,16.0,2,14,6CL-FJ
1725,16.0,2,14,6CL-FJ
1726,16.0,2,14,6CL-FJ
1727,16.0,2,14,6CL-FJ
1728,16.0,2,14,6CL-FJ
1729,16.0,2,14,6CL-FJ
1730,16.0,2,14,6CL-FJ
1731,16.0,2,14,6CL-FJ
1732,16.0,2,14,6CL-FJ
1733,16.0,2,14,6CL-FJ
1734,16.0,2,14,6CL-FJ
1735,16.0,2,14,6CL-FJ
1736,16.0,2,14,6CL-FJ
1737,16.0,2,14,6CL-FJ
1738,16.0,2,14,6CL-FJ
1739,16.0,2,14,6CL-FJ
1740,16.0,2,14,6CL-FJ
1741,16.0,2,14,6CL-FJ
1742,16.0,2,14,6CL-FJ
1743,16.0,2,14,6CL-FJ
1744,16.0,2,14,6CL-FJ
1745,16.0,2,14,6CL-FJ
1746,16.0,2,14,6CL-FJ
1747,16.0,2,14,6CL-FJ
1748,16.0,2,14,6CL-FJ
1749,16.0,2,14,6CL-FJ
1750,16.0,2,14,6CL-FJ
1751,16.0,2,14,6CL-FJ
1752,16.0,2,14,6CL-FJ
1753,16.0,2,14,6CL-FJ
1754,16.0,2,14,6CL-FJ
1755,16.0,2,14,6CL-FJ
1756,16.0,2,14,6CL-FJ
1757,16.0,2,14,6CL-FJ
1758,16.0,2,14,6CL-FJ
1759,16.0,2,14,6CL-FJ
1760,16.0,2,14,6CL-FJ
1761,16.0,2,14,6CL-FJ
1762,16.0,2,14,6CL-FJ
1763,16.0,2,14,6CL-FJ
1764,16.0,2,14,6CL-FJ
1765,16.0,2,14,6CL-FJ
1766,16.0,2,14,6CL-FJ
1767,16.0,2,14,6CL-FJ
1768,16.0,2,14,6CL-FJ
1769,16.0,2,14,6CL-FJ
1770,16.0,2,14,6CL-FJ
1771,16.0,2,14,6CL-FJ
1772,16.0,2,14,6CL-FJ
1773,16.0,2,14,6CL-FJ
1774,16.0,2,14,6CL-FJ
1775,16.0,2,14,6CL-FJ
1776,16.0,2,14,6CL-FJ
1777,16.0,2,14,6CL-FJ
1778,16.0,2,14,6CL-FJ
1779,16.0,2,14,6CL-FJ
1780,16.0,2,14,6CL-FJ
1781,16.0,2,14,6CL-FJ
1782,16.0,2,14,6CL-FJ
1783,16.0,2,14,6CL-FJ
1784,16.0,2,14,6CL-FJ
1785,16.0,2,14,6CL-FJ
1786,16.0,2,14,6CL-FJ
1787,16.0,2,14,6CL-FJ
1788,16.0,2,14,6CL-FJ
1789,16.0,2,14,6CL-FJ
1790,16.0,2,14,6CL-FJ
1791,16.0,2,14,6CL-FJ
1792,16.0,2,14,6CL-FJ
1793,16.0,2,14,6CL-FJ
1794,16.0,2,14,6CL-FJ
1795,16.0,2,14,6CL-FJ
1796,16.0,2,14,6CL-FJ
1797,16.0,2,14,6CL-FJ
1798,16.0,2,14,6CL-FJ
1799,16.0,2,14,6CL-FJ
1800,16.0,2,14,6CL-FJ
1801,16.0,2,14,6CL-FJ
1802,16.0,2,14,6CL-FJ
1803,16.0,2,14,6CL-FJ
1804,16.0,2,14,6CL-FJ
1805,16.0,2,14,6CL-FJ
1806,16.0,2,14,6CL-FJ
1807,16.0,2,14,6CL-FJ
1808,16.0,2,14,6CL-FJ
1809,16.0,2,14,6CL-FJ
1810,16.0,2,14,6CL-FJ
1811,16.0,2,14,6CL-FJ
1812,16.0,2,14,6CL-FJ
1813,16.0,2,14,6CL-FJ
1814,16.0,2,14,6CL-FJ
1815,16.0,2,14,6CL-FJ
1816,16.0,2,14,6CL-FJ
1817,16.0,2,14,6CL-FJ
1818,16.0,2,14,6CL-FJ
1819,16.0,2,14,6CL-FJ
1820,16.0,2,14,6CL-FJ
1821,16.0,2,14,6CL-FJ
1822,16.0,2,14,6CL-FJ
1823,16.0,2,14,6CL-FJ
1824,16.0,2,14,6CL-FJ
1825,16.0,2,14,6CL-FJ
1826,16.0,2,14,6CL-FJ
1827,16.0,2,14,6CL-FJ
1828,16.0,2,14,6CL-FJ
1829,16.0,2,14,6CL-FJ
1830,16.0,2,14,6CL-FJ
1831,16.0,2,14,6CL-FJ
1832,16.0,2,14,6CL-FJ
1833,16.0,2,14,6CL-FJ
1834,16.0,2,14,6CL-FJ
1835,16.0,2,14,6CL-FJ
1836,16.0,2,14,6CL-FJ
1837,16.0,2,14,6CL-FJ
1838,16.0,2,14,6CL-FJ
1839,16.0,2,14,6CL-FJ
1840,16.0,2,14,6CL-FJ
1841,16.0,2,14,6CL-FJ
1842,16.0,2,14,6CL-FJ
1843,16.0,2,14,6CL-FJ
1844,16.0,2,14,6CL-FJ
1845,16.0,2,14,6CL-FJ
1846,16.0,2,14,6CL-FJ
1847,16.0,2,14,6CL-FJ
1848,16.0,2,14,6CL-FJ
1849,16.0,2,14,6CL-FJ
1850,16.0,2,14,6CL-FJ
1851,16.0,2,14,6CL-FJ
1852,16.0,2,14,6CL-FJ
1853,16.0,2,14,6CL-FJ
1854,16.0,2,14,6CL-FJ
1855,16.0,2,14,6CL-FJ
1856,16.0,2,14,6CL-FJ
1857,16.0,2,14,6CL-FJ
1858,16.0,2,14,6CL-FJ
1859,16.0,2,14,6CL-FJ
1860,16.0,2,14,6CL-FJ
1861,16.0,2,14,6CL-FJ
1862,16.0,2,14,6CL-FJ
1863,16.0,2,14,6CL-FJ
1864,16.0,2,14,6CL-FJ
1865,16.0,2,14,6CL-FJ
1866,16.0,2,14,6CL-FJ
1867,16.0,2,14,6CL-FJ
1868,16.0,2,14,6CL-FJ
1869,16.0,2,14,6CL-FJ
1870,16.0,2,14,6CL-FJ
1871,16.0,2,14,6CL-FJ
1872,16.0,2,14,6CL-FJ
1873,16.0,2,14,6CL-FJ
1874,16.0,2,14,6CL-FJ
1875,16.0,2,14,6CL-FJ
1876,16.0,2,14,6CL-FJ
1877,16.0,2,14,6CL-FJ
1878,16.0,2,14,6CL-FJ
1879,16.0,2,14,6CL-FJ
1880,16.0,2,14,6CL-FJ
1881,16.0,2,14,6CL-FJ
1882,16.0,2,14,6CL-FJ
1883,16.0,2,14,6CL-FJ
1884,16.0,2,14,6CL-FJ
1885,16.0,2,14,6CL-FJ
1886,16.0,2,14,6CL-FJ
1887,16.0,2,14,6CL-FJ
1888,16.0,2,14,6CL-FJ
1889,16.0,2,14,6CL-FJ
1890,16.0,2,14,6CL-FJ
1891,16.0,2,14,6CL-FJ
1892,16.0,2,14,6CL-FJ
1893,16.0,2,14,6CL-FJ
1894,16.0,2,14,6CL-FJ
1895,16.0,2,14,6CL-FJ
1896,16.0,2,14,6CL-FJ
1897,16.0,2,14,6CL-FJ
1898,16.0,2,14,6CL-FJ
1899,16.0,2,14,6CL-FJ
1900,16.0,2,14,6CL-FJ
1901,16.0,2,14,6CL-FJ
1902,16.0,2,14,6CL-FJ
1903,16.0,2,14,6CL-FJ
1904,16.0,2,14,6CL-FJ
1905,16.0,2,14,6CL-FJ
1906,16.0,2,14,6CL-FJ
1907,16.0,2,14,6CL-FJ
1908,16.0,2,14,6CL-FJ
1909,16.0,2,14,6CL-FJ
1910,16.0,2,14,6CL-FJ
1911,16.0,2,14,6CL-FJ
1912,16.0,2,14,6CL-FJ
1913,16.0,2,14,6CL-FJ
1914,16.0,2,14,6CL-FJ
1915,16.0,2,14,6CL-FJ
1916,16.0,2,14,6CL-FJ
1917,16.0,2,14,6CL-FJ
1918,16.0,2,14,6CL-FJ
1919,16.0,2,14,6CL-FJ
1920,16.0,2,14,6CL-FJ
1921,16.0,2,14,6CL-FJ
1922,16.0,2,14,6CL-FJ
1923,16.0,2,14,6CL-FJ
1924,16.0,2,14,6CL-FJ
1925,16.0,2,14,6CL-FJ
1926,16.0,2,14,6CL-FJ
1927,16.0,2,14,6CL-FJ
1928,16.0,2,14,6CL-FJ
1929,16.0,2,14,6CL-FJ
1930,16.0,2,14,6CL-FJ
1931,16.0,2,14,6CL-FJ
1932,16.0,2,14,6CL-FJ
1933,16.0,2,14,6CL-FJ
1934,16.0,2,14,6CL-FJ
1935,16.0,2,14,6CL-FJ
1936,16.0,2,14,6CL-FJ
1937,16.0,2,14,6CL-FJ
1938,16.0,2,14,6CL-FJ
1939,16.0,2,14,6CL-FJ
1940,16.0,2,14,6CL-FJ
1941,16.0,2,14,6CL-FJ
1942,16.0,2,14,6CL-FJ
1943,16.0,2,14,6CL-FJ
1944,16.0,2,14,6CL-FJ
1945,16.0,2,14,6CL-FJ
1946,16.0,2,14,6CL-FJ
1947,16.0,2,14,6CL-FJ
1948,16.0,2,14,6CL-FJ
1949,16.0,2,14,6CL-FJ
1950,16.0,2,14,6CL-FJ
1951,16.0,2,14,6CL-FJ
1952,16.0,2,14,6CL-FJ
1953,16.0,2,14,6CL-FJ
1954,16.0,2,14,6CL-FJ
1955,16.0,2,14,6CL-FJ
1956,16.0,2,14,6CL-FJ
1957,16.0,2,14,6CL-FJ
1958,16.0,2,14,6CL-FJ
1959,16.0,2,14,6CL-FJ
1960,16.0,2,14,6CL-FJ
1961,16.0,2,14,6CL-FJ
1962,16.0,2,14,6CL-FJ
1963,16.0,2,14,6CL-FJ
1964,16.0,2,14,6CL-FJ
1965,16.0,2,14,6CL-FJ
1966,16.0,2,14,6CL-FJ
1967,16.0,2,14,6CL-FJ
1968,16.0,2,14,6CL-FJ
1969,16.0,2,14,6CL-FJ
1970,16.0,2,14,6CL-FJ
1971,16.0,2,14,6CL-FJ
1972,16.0,2,14,6CL-FJ
1973,16.0,2,14,6CL-FJ
1974,16.0,2,14,6CL-FJ
1975,16.0,2,14,6CL-FJ
1976,16.0,2,14,6CL-FJ
1977,16.0,2,14,6CL-FJ
1978,16.0,2,14,6CL-FJ
1979,16.0,2,14,6CL-FJ
1980,16.0,2,14,6CL-FJ
1981,16.0,2,14,6CL-FJ
1982,16.0,2,14,6CL-FJ
1983,16.0,2,14,6CL-FJ
1984,16.0,2,14,6CL-FJ
1985,16.0,2,14,6CL-FJ
1986,16.0,2,14,6CL-FJ
1987,16.0,2,14,6CL-FJ
1988,16.0,2,14,6CL-FJ
1989,16.0,2,14,6CL-FJ
1990,16.0,2,14,6CL-FJ
1991,16.0,2,14,6CL-FJ
1992,16.0,2,14,6CL-FJ
1993,16.0,2,14,6CL-FJ
1994,16.0,2,14,6CL-FJ
1995,16.0,2,14,6CL-FJ
1996,16.0,2,14,6CL-FJ
1997,16.0,2,14,6CL-FJ
1998,16.0,2,14,6CL-FJ
1999,16.0,2,14,6CL-FJ
2000,16.0,2,14,6CL-FJ
2001,16.0,2,14,6CL-FJ
2002,16.0,2,14,6CL-FJ
2003,16.0,2,14,6CL-FJ
2004,16.0,2,14,6CL-FJ
2005,16.0,2,14,6CL-FJ
2006,16.0,2,14,6CL-FJ
2007,16.0,2,14,6CL-FJ
2008,16.0,2,14,6CL-FJ
2009,16.0,2,14,6CL-FJ
2010,16.0,2,14,6CL-FJ
2011,16.0,2,14,6CL-FJ
2012,16.0,2,14,6CL-FJ
2013,16.0,2,14,6CL-FJ
2014,16.0,2,14,6CL-FJ
2015,16.0,2,14,6CL-FJ
2016,16.0,2,14,6CL-FJ
2017,16.0,2,14,6CL-FJ
2018,16.0,2,14,6CL-FJ
2019,16.0,2,14,6CL-FJ
2020,16.0,2,14,6CL-FJ
2021,16.0,2,14,6CL-FJ
2022,16.0,2,14,6CL-FJ
2023,16.0,2,14,6CL-FJ
2024,16.0,2,14,6CL-FJ
2025,16.0,2,14,6CL-FJ
2026,16.0,2,14,6CL-FJ
2027,16.0,2,14,6CL-FJ
2028,16.0,2,14,6CL-FJ
2029,16.0,2,14,6CL-FJ
2030,16.0,2,14,6CL-FJ
2031,16.0,2,14,6CL-FJ
2032,16.0,2,14,6CL-FJ
2033,16.0,2,14,6CL-FJ
2034,16.0,2,14,6CL-FJ
2035,16.0,2,14,6CL-FJ
2036,16.0,2,14,6CL-FJ
2037,16.0,2,14,6CL-FJ
2038,16.0,2,14,6CL-FJ
2039,16.0,2,14,6CL-FJ
2040,16.0,2,14,6CL-FJ
2041,16.0,2,14,6CL-FJ
2042,16.0,2,14,6CL-FJ
2043,16.0,2,14,6CL-FJ
2044,16.0,2,14,6CL-FJ
2045,16.0,2,14,6CL-FJ
2046,16.0,2,14,6CL-FJ
2047,16.0,2,14,6CL-FJ
2048,16.0,2,14,6CL-FJ
2049,16.0,2,14,6CL-FJ
2050,16.0,2,14,6CL-FJ
2051,16.0,2,14,6CL-FJ
2052,16.0,2,14,6CL-FJ
2053,16.0,2,14,6CL-FJ
2054,16.0,2,14,6CL-FJ
2055,16.0,2,14,6CL-FJ
2056,16.0,2,14,6CL-FJ
2057,16.0,2,14,6CL-FJ
2058,16.0,2,14,6CL-FJ
2059,16.0,2,14,6CL-FJ
2060,16.0,2,14,6CL-FJ
2061,16.0,2,14,6CL-FJ
2062,16.0,2,14,6CL-FJ
2063,16.0,2,14,6CL-FJ
2064,16.0,2,14,6CL-FJ
2065,16.0,2,14,6CL-FJ
2066,16.0,2,14,6CL-FJ
2067,16.0,2,14,6CL-FJ
2068,16.0,2,14,6CL-FJ
2069,16.0,2,14,6CL-FJ
2070,16.0,2,14,6CL-FJ
2071,16.0,2,14,6CL-FJ
2072,16.0,2,14,6CL-FJ
2073,16.0,2,14,6CL-FJ
2074,16.0,2,14,6CL-FJ
2075,16.0,2,14,6CL-FJ
2076,16.0,2,14,6CL-FJ
2077,16.0,2,14,6CL-FJ
2078,16.0,2,14,6CL-FJ
2079,16.0,2,14,6CL-FJ
2080,16.0,2,14,6CL-FJ
2081,16.0,2,14,6CL-FJ
2082,16.0,2,14,6CL-FJ
2083,16.0,2,14,6CL-FJ
2084,16.0,2,14,6CL-FJ
2085,16.0,2,14,6CL-FJ
2086,16.0,2,14,6CL-FJ
2087,16.0,2,14,6CL-FJ
2088,16.0,2,14,6CL-FJ
2089,16.0,2,14,6CL-FJ
2090,16.0,2,14,6CL-FJ
2091,16.0,2,14,6CL-FJ
2092,16.0,2,14,6CL-FJ
2093,16.0,2,14,6CL-FJ
2094,16.0,2,14,6CL-FJ
2095,16.0,2,14,6CL-FJ
2096,16.0,2,14,6CL-FJ
2097,28.0,3,6,6KOS-3GJ
2098,28.0,3,6,6KOS-3GJ
2099,28.0,3,6,6KOS-3GJ
2100,28.0,3,6,6KOS-3GJ
2101,28.0,3,6,6KOS-3GJ
2102,28.0,3,6,6KOS-3GJ
2103,28.0,3,6,6KOS-3GJ
2104,28.0,3,6,6KOS-3GJ
2105,28.0,3,6,6KOS-3GJ
2106,28.0,3,6,6KOS-3GJ
2107,28.0,3,6,6KOS-3GJ
2108,28.0,3,6,6KOS-3GJ
2109,28.0,3,6,6KOS-3GJ
2110,28.0,3,6,6KOS-3GJ
2111,28.0,3,6,6KOS-3GJ
2112,28.0,3,6,6KOS-3GJ
2113,28.0,3,6,6KOS-3GJ
2114,28.0,3,6,6KOS-3GJ
2115,28.0,3,6,6KOS-3GJ
2116,28.0,3,6,6KOS-3GJ
2117,28.0,3,6,6KOS-3GJ
2118,28.0,3,6,6KOS-3GJ
2119,28.0,3,6,6KOS-3GJ
2120,28.0,3,6,6KOS-3GJ
2121,28.0,3,6,6KOS-3GJ
2122,28.0,3,6,6KOS-3GJ
2123,28.0,3,6,6KOS-3GJ
2124,28.0,3,6,6KOS-3GJ
2125,28.0,3,6,6KOS-3GJ
2126,28.0,3,6,6KOS-3GJ
2127,28.0,3,6,6KOS-3GJ
2128,28.0,3,6,6KOS-3GJ
2129,28.0,3,6,6KOS-3GJ
2130,28.0,3,6,6KOS-3GJ
2131,28.0,3,6,6KOS-3GJ
2132,28.0,3,6,6KOS-3GJ
2133,28.0,3,6,6KOS-3GJ
2134,28.0,3,6,6KOS-3GJ
2135,28.0,3,6,6KOS-3GJ
2136,28.0,3,6,6KOS-3GJ
2137,28.0,3,6,6KOS-3GJ
2138,28.0,3,6,6KOS-3GJ
2139,28.0,3,6,6KOS-3GJ
2140,28.0,3,6,6KOS-3GJ
2141,28.0,3,6,6KOS-3GJ
2142,28.0,3,6,6KOS-3GJ
2143,28.0,3,6,6KOS-3GJ
2144,28.0,3,6,6KOS-3GJ
2145,28.0,3,6,6KOS-3GJ
2146,28.0,3,6,6KOS-3GJ
2147,28.0,3,6,6KOS-3GJ
2148,28.0,3,6,6KOS-3GJ
2149,28.0,3,6,6KOS-3GJ
2150,28.0,3,6,6KOS-3GJ
2151,28.0,3,6,6KOS-3GJ
2152,28.0,3,6,6KOS-3GJ
2153,28.0,3,6,6KOS-3GJ
2154,28.0,3,6,6KOS-3GJ
2155,28.0,3,6,6KOS-3GJ
2156,28.0,3,6,6KOS-3GJ
2157,28.0,3,6,6KOS-3GJ
2158,28.0,3,6,6KOS-3GJ
2159,28.0,3,6,6KOS-3GJ
2160,28.0,3,6,6KOS-3GJ
2161,28.0,3,6,6KOS-3GJ
2162,28.0,3,6,6KOS-3GJ
2163,28.0,3,6,6KOS-3GJ
2164,28.0,3,6,6KOS-3GJ
2165,28.0,3,6,6KOS-3GJ
2166,28.0,3,6,6KOS-3GJ
2167,28.0,3,6,6KOS-3GJ
2168,28.0,3,6,6KOS-3GJ
2169,28.0,3,6,6KOS-3GJ
2170,28.0,3,6,6KOS-3GJ
2171,28.0,3,6,6KOS-3GJ
2172,28.0,3,6,6KOS-3GJ
2173,28.0,3,6,6KOS-3GJ
2174,28.0,3,6,6KOS-3GJ
2175,28.0,3,6,6KOS-3GJ
2176,28.0,3,6,6KOS-3GJ
2177,28.0,3,6,6KOS-3GJ
2178,28.0,3,6,6KOS-3GJ
2179,28.0,3,6,6KOS-3GJ
2180,28.0,3,6,6KOS-3GJ
2181,28.0,3,6,6KOS-3GJ
2182,28.0,3,6,6KOS-3GJ
2183,28.0,3,6,6KOS-3GJ
2184,28.0,3,6,6KOS-3GJ
2185,28.0,3,6,6KOS-3GJ
2186,28.0,3,6,6KOS-3GJ
2187,28.0,3,6,6KOS-3GJ
2188,28.0,3,6,6KOS-3GJ
2189,28.0,3,6,6KOS-3GJ
2190,28.0,3,6,6KOS-3GJ
2191,28.0,3,6,6KOS-3GJ
2192,28.0,3,6,6KOS-3GJ
2193,28.0,3,6,6KOS-3GJ
2194,28.0,3,6,6KOS-3GJ
2195,28.0,3,6,6KOS-3GJ
2196,28.0,3,6,6KOS-3GJ
2197,28.0,3,6,6KOS-3GJ
2198,28.0,3,6,6KOS-3GJ
2199,28.0,3,6,6KOS-3GJ
2200,28.0,3,6,6KOS-3GJ
2201,28.0,3,6,6KOS-3GJ
2202,28.0,3,6,6KOS-3GJ
2203,28.0,3,6,6KOS-3GJ
2204,28.0,3,6,6KOS-3GJ
2205,28.0,3,6,6KOS-3GJ
2206,28.0,3,6,6KOS-3GJ
2207,28.0,3,6,6KOS-3GJ
2208,28.0,3,6,6KOS-3GJ
2209,28.0,3,6,6KOS-3GJ
2210,28.0,3,6,6KOS-3GJ
2211,28.0,3,10,6KOS-3GJ
2212,28.0,3,10,6KOS-3GJ
2213,28.0,3,10,6KOS-3GJ
2214,28.0,3,10,6KOS-3GJ
2215,28.0,3,10,6KOS-3GJ
2216,28.0,3,10,6KOS-3GJ
2217,28.0,3,10,6KOS-3GJ
2218,28.0,3,10,6KOS-3GJ
2219,28.0,3,10,6KOS-3GJ
2220,28.0,3,10,6KOS-3GJ
2221,28.0,3,10,6KOS-3GJ
2222,28.0,3,10,6KOS-3GJ
2223,28.0,3,10,6KOS-3GJ
2224,28.0,3,10,6KOS-3GJ
2225,28.0,3,10,6KOS-3GJ
2226,28.0,3,10,6KOS-3GJ
2227,28.0,3,10,6KOS-3GJ
2228,28.0,3,10,6KOS-3GJ
2229,28.0,3,10,6KOS-3GJ
2230,28.0,3,10,6KOS-3GJ
2231,28.0,3,10,6KOS-3GJ
2232,28.0,3,10,6KOS-3GJ
2233,28.0,3,10,6KOS-3GJ
2234,28.0,3,10,6KOS-3GJ
2235,28.0,3,10,6KOS-3GJ
2236,28.0,3,10,6KOS-3GJ
2237,28.0,3,10,6KOS-3GJ
2238,28.0,3,10,6KOS-3GJ
2239,28.0,3,10,6KOS-3GJ
2240,28.0,3,10,6KOS-3GJ
2241,28.0,3,10,6KOS-3GJ
2242,28.0,3,10,6KOS-3GJ
2243,28.0,3,10,6KOS-3GJ
2244,28.0,3,10,6KOS-3GJ
2245,28.0,3,10,6KOS-3GJ
2246,28.0,3,10,6KOS-3GJ
2247,28.0,3,10,6KOS-3GJ
2248,28.0,3,10,6KOS-3GJ
2249,28.0,3,10,6KOS-3GJ
2250,28.0,3,10,6KOS-3GJ
2251,28.0,3,10,6KOS-3GJ
2252,28.0,3,10,6KOS-3GJ
2253,28.0,3,10,6KOS-3GJ
2254,28.0,3,10,6KOS-3GJ
2255,28.0,3,10,6KOS-3GJ
2256,28.0,3,10,6KOS-3GJ
2257,28.0,3,10,6KOS-3GJ
2258,28.0,3,10,6KOS-3GJ
2259,28.0,3,10,6KOS-3GJ
2260,28.0,3,10,6KOS-3GJ
2261,28.0,3,10,6KOS-3GJ
2262,28.0,3,10,6KOS-3GJ
2263,28.0,3,10,6KOS-3GJ
2264,28.0,3,10,6KOS-3GJ
2265,28.0,3,10,6KOS-3GJ
2266,28.0,3,10,6KOS-3GJ
2267,28.0,3,10,6KOS-3GJ
2268,28.0,3,10,6KOS-3GJ
2269,28.0,3,10,6KOS-3GJ
2270,28.0,3,10,6KOS-3GJ
2271,28.0,3,10,6KOS-3GJ
2272,28.0,3,10,6KOS-3GJ
2273,28.0,3,10,6KOS-3GJ
2274,28.0,3,10,6KOS-3GJ
2275,28.0,3,10,6KOS-3GJ
2276,28.0,3,10,6KOS-3GJ
2277,28.0,3,10,6KOS-3GJ
2278,28.0,3,10,6KOS-3GJ
2279,28.0,3,10,6KOS-3GJ
2280,28.0,3,10,6KOS-3GJ
2281,28.0,3,10,6KOS-3GJ
2282,28.0,3,10,6KOS-3GJ
2283,28.0,3,10,6KOS-3GJ
2284,28.0,3,10,6KOS-3GJ
2285,28.0,3,10,6KOS-3GJ
2286,28.0,3,10,6KOS-3GJ
2287,28.0,3,10,6KOS-3GJ
2288,28.0,3,10,6KOS-3GJ
2289,28.0,3,10,6KOS-3GJ
2290,28.0,3,10,6KOS-3GJ
2291,28.0,3,10,6KOS-3GJ
2292,28.0,3,10,6KOS-3GJ
2293,28.0,3,10,6KOS-3GJ
2294,28.0,3,10,6KOS-3GJ
2295,28.0,3,10,6KOS-3GJ
2296,28.0,3,10,6KOS-3GJ
2297,28.0,3,10,6KOS-3GJ
2298,28.0,3,10,6KOS-3GJ
2299,28.0,3,10,6KOS-3GJ
2300,28.0,3,10,6KOS-3GJ
2301,28.0,3,10,6KOS-3GJ
2302,28.0,3,10,6KOS-3GJ
2303,28.0,3,10,6KOS-3GJ
2304,28.0,3,10,6KOS-3GJ
2305,28.0,3,10,6KOS-3GJ
2306,28.0,3,10,6KOS-3GJ
2307,28.0,3,10,6KOS-3GJ
2308,28.0,3,10,6KOS-3GJ
2309,28.0,3,10,6KOS-3GJ
2310,28.0,3,10,6KOS-3GJ
2311,28.0,3,10,6KOS-3GJ
2312,28.0,3,10,6KOS-3GJ
2313,28.0,3,10,6KOS-3GJ
2314,28.0,3,10,6KOS-3GJ
2315,28.0,3,10,6KOS-3GJ
2316,28.0,3,10,6KOS-3GJ
2317,28.0,3,10,6KOS-3GJ
2318,28.0,3,10,6KOS-3GJ
2319,28.0,3,10,6KOS-3GJ
2320,28.0,3,10,6KOS-3GJ
2321,28.0,3,10,6KOS-3GJ
2322,28.0,3,10,6KOS-3GJ
2323,28.0,3,10,6KOS-3GJ
2324,28.0,3,10,6KOS-3GJ
